{"info": {"Latitude": 33.45, "Identifier": "74626", "Elevation(m)": 384.0, "Longitude": -111.95}, "160802/1200": {"temp300": -31.1, "shear06": 6.3, "mixratio03km": 13.42, "lapserate75": 6.1, "windspd850": 0.99, "winddir700": 0.0, "temp250": -40.5, "winddir250": 225.0, "mlcape": 1347, "sfc_vwnd": 1.9299999999999999, "sfc_uwnd": -2.2999999999999998, "shear01": 4.8, "srh01": -14.89, "eff_srh": -9.62, "srh03": -4.54, "windspd250": 12.0, "ship": 0.09, "windspd500": 6.99, "winddir500": 110.0, "mllcl": 1492.28, "mucape": 1503, "height300": 9740.0, "meltinglvl": 14406.04, "mixratio925": 15.19, "pw": 2.08, "mlcin": -60, "temp500": -5.5, "height850": 1529.0, "mlcape03": 27.43, "dewpoint850": 15.8, "stp_eff": -0.0, "sblfc": 2166.49, "lapserate36": 6.06, "windspd700": 0.0, "temp850": 21.8, "dewpoint500": -7.6, "fosberg": 3.38, "mulfc": 2166.49, "mixratio850": 13.47, "muli": -4.08, "lapserate03": 7.49, "sbli": -4.08, "mucin": -87, "shear03": 1.9, "winddir300": 245.0, "sfc_td": 68.36, "mulcl": 1276.98, "sblcl": 1276.98, "mixratio700": 10.47, "height250": 11010.0, "dewpoint700": 9.1, "height500": 5900.0, "lapserate85": 6.63, "dcape": 603.18, "mixratio01km": 15.16, "dewpoint925": 19.0, "mixratio500": 4.34, "convtemp": 34.2, "height700": 3184.0, "winddir850": 350.0, "windspd300": 6.99, "sfc_t": 86.36, "stp_fix": 0.0, "winddir925": 140.0, "sfcwindspd": 2.99, "scpeff": -0.0, "mixratiosfc850": 14.82, "temp700": 10.0, "sbcin": -87, "wbzheight": 14237.49, "mllfc": 2359.0, "windspd925": 6.99, "sbcape": 1503, "mlli": -4.08, "sfcrh": 53.99, "temp925": 27.0}}