{"info": {"Latitude": 35.04, "Identifier": "ABQ", "Elevation(m)": 1619.0, "Longitude": -106.62}, "200430/0000": {"sfc_vwnd": 5.36, "sfc_uwnd": 4.5, "mixratio03km": -9999.0, "lapserate75": 7.23, "windspd850": -999.0, "winddir700": 205.0, "lapserate36": 8.02, "winddir250": 325.0, "mlcape": 0, "mixratio850": 0.0, "srh01": -0.78, "eff_srh": 0.0, "srh03": 14.2, "windspd250": 29.99, "winddir500": 325.0, "sfcwindspd": 6.99, "windspd500": 10.99, "temp300": -39.1, "mllcl": 3092.6, "height300": 9600.0, "meltinglvl": 10033.73, "windspd925": -999.0, "mixratio925": 0.0, "pw": 0.34, "temp500": -10.1, "height850": 1536.0, "mlcape03": 17.32, "dewpoint850": -999.0, "stp_eff": 0.0, "shear01": 3.4, "shear03": 10.7, "ship": 0.0, "temp850": -999.0, "dewpoint500": -34.1, "mucape": 0, "temp700": 8.8, "sblfc": -999.0, "mixratio01km": -9999.0, "windspd700": 6.0, "muli": 1.59, "lapserate03": 8.62, "mlcin": -9999, "mucin": -9999, "winddir300": 340.0, "mulcl": 3073.59, "sblcl": 3073.59, "mixratio700": 3.72, "temp250": -48.9, "sfc_td": 33.08, "sfcrh": 18.81, "height500": 5880.0, "dewpoint700": -5.2, "lapserate85": -9999.0, "dcape": 989.9, "sbli": 1.59, "dewpoint925": -999.0, "mixratio500": 0.43, "convtemp": 30.6, "height700": 3186.0, "winddir850": -999.0, "mlli": 1.59, "mulfc": -999.0, "stp_fix": 0.0, "winddir925": -999.0, "fosberg": 10.71, "scpeff": 0.0, "mixratiosfc850": -9999.0, "shear06": 26.7, "sbcin": -9999, "wbzheight": 5771.76, "mllfc": -999.0, "height250": 10820.0, "sbcape": 0, "windspd300": 27.0, "sfc_t": 78.08000000000001, "temp925": -999.0}, "200430/1200": {"temp300": -36.7, "shear06": 26.9, "mixratio03km": -9999.0, "lapserate75": 8.08, "windspd850": -999.0, "winddir700": 275.0, "temp250": -46.3, "winddir250": 335.0, "mlcape": 0, "sfc_vwnd": 1.6899999999999999, "sfc_uwnd": -3.6299999999999999, "shear01": 11.4, "srh01": 127.5, "eff_srh": 0.0, "srh03": 191.4, "windspd250": 27.99, "ship": 0.0, "windspd500": 6.0, "winddir500": 260.0, "mllcl": 2709.72, "mucape": 0, "height300": 9610.0, "meltinglvl": 9401.36, "mixratio925": 0.0, "pw": 0.37, "mlcin": -9999, "temp500": -9.5, "height850": 1527.0, "mlcape03": 0.0, "dewpoint850": -999.0, "stp_eff": 0.0, "sblfc": -999.0, "lapserate36": 7.38, "windspd700": 13.0, "temp850": -999.0, "dewpoint500": -33.5, "fosberg": 5.21, "mulfc": -999.0, "mixratio850": 0.0, "muli": 3.32, "lapserate03": 5.44, "sbli": 8.39, "mucin": -9999, "shear03": 22.5, "winddir300": 335.0, "sfc_td": 32.36, "mulcl": 3303.85, "sblcl": 1908.82, "mixratio700": 3.45, "height250": 10840.0, "dewpoint700": -6.2, "height500": 5870.0, "lapserate85": -9999.0, "dcape": 1105.57, "mixratio01km": -9999.0, "dewpoint925": -999.0, "mixratio500": 0.45, "convtemp": 32.2, "height700": 3168.0, "winddir850": -999.0, "windspd300": 20.01, "sfc_t": 59.36, "stp_fix": 0.0, "winddir925": -999.0, "sfcwindspd": 4.0, "scpeff": 0.0, "mixratiosfc850": -9999.0, "temp700": 11.8, "sbcin": -9999, "wbzheight": 6511.89, "mllfc": -999.0, "windspd925": -999.0, "sbcape": 0, "mlli": 3.32, "sfcrh": 35.42, "temp925": -999.0}}