{"info": {"Latitude": 45.45, "Identifier": "ABR", "Elevation(m)": 396.0, "Longitude": -98.43}, "200430/0000": {"sfc_vwnd": -5.8, "sfc_uwnd": 1.55, "mixratio03km": 1.62, "lapserate75": 5.02, "windspd850": 13.0, "winddir700": 340.0, "lapserate36": 5.71, "winddir250": 335.0, "mlcape": 0, "mixratio850": 4.39, "srh01": 22.47, "eff_srh": 0.0, "srh03": 37.26, "windspd250": 84.0, "winddir500": 340.0, "sfcwindspd": 6.0, "windspd500": 39.01, "temp300": -40.9, "mllcl": 1758.97, "height300": 9360.0, "meltinglvl": 5925.23, "windspd925": 12.0, "mixratio925": 4.53, "pw": 0.43, "temp500": -14.1, "height850": 1520.0, "mlcape03": 0.0, "dewpoint850": -0.4, "stp_eff": 0.0, "shear01": 6.8, "shear03": 19.9, "ship": 0.0, "temp850": 5.6, "dewpoint500": -29.1, "mucape": 0, "temp700": -0.9, "sblfc": 1256.76, "mixratio01km": 4.76, "windspd700": 25.99, "muli": 6.29, "lapserate03": 6.59, "mlcin": -9999, "mucin": -9999, "winddir300": 340.0, "mulcl": 5557.65, "sblcl": 1256.76, "mixratio700": 0.31, "temp250": -50.1, "sfc_td": 43.52, "sfcrh": 51.05, "height500": 5700.0, "dewpoint700": -33.9, "lapserate85": 4.86, "dcape": 506.95, "sbli": 8.23, "dewpoint925": 1.2, "mixratio500": 0.69, "convtemp": 33.4, "height700": 3082.0, "winddir850": 330.0, "mlli": 6.29, "mulfc": -999.0, "stp_fix": 0.0, "winddir925": 10.0, "fosberg": 6.03, "scpeff": 0.0, "mixratiosfc850": 4.62, "shear06": 38.5, "sbcin": -492, "wbzheight": 4880.19, "mllfc": -999.0, "height250": 10580.0, "sbcape": 25, "windspd300": 67.0, "sfc_t": 61.519999999999996, "temp925": 12.2}, "200430/1200": {"temp300": -40.9, "shear06": 41.9, "mixratio03km": 2.04, "lapserate75": 5.86, "windspd850": 2.99, "winddir700": 320.0, "temp250": -50.7, "winddir250": 320.0, "mlcape": 0, "sfc_vwnd": 3.6299999999999999, "sfc_uwnd": 1.6899999999999999, "shear01": 6.1, "srh01": 3.28, "eff_srh": 0.0, "srh03": 65.86, "windspd250": 75.0, "ship": 0.0, "windspd500": 39.01, "winddir500": 320.0, "mllcl": 1562.1, "mucape": 0, "height300": 9380.0, "meltinglvl": 9940.41, "mixratio925": 4.15, "pw": 0.42, "mlcin": -9999, "temp500": -14.7, "height850": 1494.0, "mlcape03": 0.0, "dewpoint850": -4.2, "stp_eff": 0.0, "sblfc": -999.0, "lapserate36": 6.55, "windspd700": 15.0, "temp850": 6.8, "dewpoint500": -26.7, "fosberg": 0.41, "mulfc": -999.0, "mixratio850": 3.31, "muli": 2.51, "lapserate03": 0.79, "sbli": 21.44, "mucin": -9999, "shear03": 19.9, "winddir300": 320.0, "sfc_td": 35.96, "mulcl": 5945.25, "sblcl": -0.07, "mixratio700": 3.09, "height250": 10600.0, "dewpoint700": -7.6, "height500": 5710.0, "lapserate85": 5.2, "dcape": 364.82, "mixratio01km": 4.32, "dewpoint925": 0.0, "mixratio500": 0.86, "convtemp": -9999.0, "height700": 3070.0, "winddir850": 5.0, "windspd300": 63.0, "sfc_t": 35.96, "stp_fix": 0.0, "winddir925": 185.0, "sfcwindspd": 4.0, "scpeff": 0.0, "mixratiosfc850": 3.87, "temp700": 0.4, "sbcin": -9999, "wbzheight": 3937.82, "mllfc": -999.0, "windspd925": 8.0, "sbcape": 0, "mlli": 2.51, "sfcrh": 100.0, "temp925": 11.0}}