{"info": {"Latitude": 25.87, "Identifier": "ADN", "Elevation(m)": 448.0, "Longitude": -100.23}, "200428/1200": {"temp300": -38.3, "shear06": 43.6, "mixratio03km": 4.52, "lapserate75": 8.72, "windspd850": 17.0, "winddir700": 330.0, "temp250": -48.7, "winddir250": 280.0, "mlcape": -9999, "sfc_vwnd": 0.68999999999999995, "sfc_uwnd": -3.9399999999999999, "shear01": 12.6, "srh01": 176.58, "eff_srh": 103.08, "srh03": 96.79, "windspd250": 52.99, "ship": 0.0, "windspd500": 31.0, "winddir500": 315.0, "mllcl": -999.0, "mucape": -9999, "height300": 9870.0, "meltinglvl": 13572.24, "mixratio925": 12.68, "pw": 1.22, "mlcin": -9999, "temp500": -13.1, "height850": 1827.0, "mlcape03": -9999.0, "dewpoint850": 6.4, "stp_eff": -9999.0, "sblfc": -999.0, "lapserate36": 7.85, "windspd700": 8.0, "temp850": 20.4, "dewpoint500": -27.1, "fosberg": 3.42, "mulfc": -999.0, "mixratio850": 7.14, "muli": -6.17, "lapserate03": 5.51, "sbli": -4.92, "mucin": -9999, "shear03": 12.5, "winddir300": 260.0, "sfc_td": 64.4, "mulcl": -999.0, "sblcl": -999.0, "mixratio700": 3.19, "height250": 11090.0, "dewpoint700": -7.2, "height500": 6150.0, "lapserate85": 8.01, "dcape": 916.23, "mixratio01km": 10.37, "dewpoint925": 16.2, "mixratio500": 0.83, "convtemp": -9999.0, "height700": 3477.0, "winddir850": 170.0, "windspd300": 43.01, "sfc_t": 75.2, "stp_fix": 0.0, "winddir925": 165.0, "sfcwindspd": 4.0, "scpeff": -9999.0, "mixratiosfc850": 12.06, "temp700": 9.8, "sbcin": -9999, "wbzheight": 11123.15, "mllfc": -999.0, "windspd925": 13.0, "sbcape": -9999, "mlli": -6.17, "sfcrh": 68.49, "temp925": 21.2}}