{"info": {"Latitude": 42.69, "Identifier": "ALB", "Elevation(m)": 95.0, "Longitude": -73.83}, "200430/0000": {"sfc_vwnd": 7.88, "sfc_uwnd": -1.39, "mixratio03km": 4.12, "lapserate75": 5.12, "windspd850": 40.0, "winddir700": 235.0, "lapserate36": 5.28, "winddir250": 275.0, "mlcape": 0, "mixratio850": 5.7, "srh01": 22.63, "eff_srh": 0.0, "srh03": 415.56, "windspd250": 62.01, "winddir500": 260.0, "sfcwindspd": 8.0, "windspd500": 29.99, "temp300": -38.9, "mllcl": 1888.87, "height300": 9370.0, "meltinglvl": 8695.45, "windspd925": 33.0, "mixratio925": 3.28, "pw": 0.83, "temp500": -15.5, "height850": 1527.0, "mlcape03": 0.36, "dewpoint850": 3.2, "stp_eff": 0.0, "shear01": 29.6, "shear03": 30.5, "ship": 0.0, "temp850": 4.0, "dewpoint500": -18.1, "mucape": 0, "temp700": -2.5, "sblfc": -999.0, "mixratio01km": 3.36, "windspd700": 33.0, "muli": 2.8, "lapserate03": 5.3, "mlcin": -9999, "mucin": -9999, "winddir300": 260.0, "mulcl": 4480.04, "sblcl": 1618.43, "mixratio700": 4.11, "temp250": -49.1, "sfc_td": 32.72, "sfcrh": 40.55, "height500": 5710.0, "dewpoint700": -3.9, "lapserate85": 4.82, "dcape": 28.07, "sbli": 15.8, "dewpoint925": -3.2, "mixratio500": 1.84, "convtemp": 38.4, "height700": 3096.0, "winddir850": 175.0, "mlli": 2.8, "mulfc": -999.0, "stp_fix": 0.0, "winddir925": 150.0, "fosberg": 9.18, "scpeff": 0.0, "mixratiosfc850": 3.63, "shear06": 30.6, "sbcin": -9999, "wbzheight": 8012.33, "mllfc": -999.0, "height250": 10590.0, "sbcape": 0, "windspd300": 56.99, "sfc_t": 56.120000000000005, "temp925": 6.8}, "200430/1200": {"temp300": -40.5, "shear06": 39.3, "mixratio03km": 5.11, "lapserate75": 5.51, "windspd850": 46.0, "winddir700": 188.73, "temp250": -50.1, "winddir250": 240.0, "mlcape": 0, "sfc_vwnd": 3.7599999999999998, "sfc_uwnd": -1.3700000000000001, "shear01": 40.3, "srh01": 405.61, "eff_srh": 0.0, "srh03": 471.39, "windspd250": 73.0, "ship": 0.0, "windspd500": 50.0, "winddir500": 210.0, "mllcl": 705.6, "mucape": 0, "height300": 9390.0, "meltinglvl": 9462.79, "mixratio925": 4.73, "pw": 1.01, "mlcin": -9999, "temp500": -14.3, "height850": 1501.0, "mlcape03": 226.91, "dewpoint850": 5.8, "stp_eff": 0.0, "sblfc": -999.0, "lapserate36": 5.22, "windspd700": 49.31, "temp850": 6.6, "dewpoint500": -16.9, "fosberg": 2.37, "mulfc": -999.0, "mixratio850": 6.85, "muli": 2.36, "lapserate03": 2.56, "sbli": 19.61, "mucin": -9999, "shear03": 45.9, "winddir300": 230.0, "sfc_td": 38.84, "mulcl": 4318.55, "sblcl": 430.33, "mixratio700": 4.74, "height250": 10610.0, "dewpoint700": -2.0, "height500": 5700.0, "lapserate85": 5.18, "dcape": 17.8, "mixratio01km": 4.73, "dewpoint925": 1.8, "mixratio500": 2.04, "convtemp": -9999.0, "height700": 3074.0, "winddir850": 185.0, "windspd300": 63.0, "sfc_t": 44.96, "stp_fix": 0.0, "winddir925": 155.0, "sfcwindspd": 4.0, "scpeff": 0.0, "mixratiosfc850": 5.3, "temp700": -0.3, "sbcin": -9999, "wbzheight": 7088.45, "mllfc": -999.0, "windspd925": 42.0, "sbcape": 0, "mlli": 2.36, "sfcrh": 78.79, "temp925": 2.6}}