{"info": {"Latitude": 35.23, "Identifier": "AMA", "Elevation(m)": 1099.0, "Longitude": -101.7}, "200430/0000": {"sfc_vwnd": -15.0, "sfc_uwnd": 0.0, "mixratio03km": -9999.0, "lapserate75": 5.38, "windspd850": 17.0, "winddir700": 345.0, "lapserate36": 6.87, "winddir250": 340.0, "mlcape": 0, "mixratio850": 1.98, "srh01": 19.89, "eff_srh": 0.0, "srh03": 71.43, "windspd250": 47.01, "winddir500": 340.0, "sfcwindspd": 15.0, "windspd500": 40.0, "temp300": -40.9, "mllcl": 4032.34, "height300": 9540.0, "meltinglvl": 9036.82, "windspd925": -999.0, "mixratio925": 0.0, "pw": 0.24, "temp500": -10.9, "height850": 1556.0, "mlcape03": 588.79, "dewpoint850": -10.8, "stp_eff": 0.0, "shear01": 3.4, "shear03": 21.1, "ship": 0.0, "temp850": 18.2, "dewpoint500": -26.9, "mucape": 0, "temp700": 3.4, "sblfc": -999.0, "mixratio01km": -9999.0, "windspd700": 25.0, "muli": 4.03, "lapserate03": 8.16, "mlcin": -9999, "mucin": -9999, "winddir300": 330.0, "mulcl": 6528.9, "sblcl": 3673.57, "mixratio700": 1.26, "temp250": -50.3, "sfc_td": 21.560000000000002, "sfcrh": 12.75, "height500": 5840.0, "dewpoint700": -18.6, "lapserate85": 6.84, "dcape": 573.82, "sbli": 7.99, "dewpoint925": -999.0, "mixratio500": 0.85, "convtemp": 40.2, "height700": 3169.0, "winddir850": 340.0, "mlli": 4.03, "mulfc": -999.0, "stp_fix": 0.0, "winddir925": -999.0, "fosberg": 24.02, "scpeff": 0.0, "mixratiosfc850": 2.09, "shear06": 36.1, "sbcin": -9999, "wbzheight": 4622.31, "mllfc": -999.0, "height250": 10750.0, "sbcape": 0, "windspd300": 48.0, "sfc_t": 75.56, "temp925": -999.0}, "200430/1200": {"temp300": -38.1, "shear06": 41.2, "mixratio03km": -9999.0, "lapserate75": 7.51, "windspd850": 23.0, "winddir700": 305.0, "temp250": -47.1, "winddir250": 350.0, "mlcape": 0, "sfc_vwnd": 9.0, "sfc_uwnd": 0.0, "shear01": 21.7, "srh01": 208.96, "eff_srh": 0.0, "srh03": 252.8, "windspd250": 39.01, "ship": 0.0, "windspd500": 31.99, "winddir500": 335.0, "mllcl": 3205.89, "mucape": 0, "height300": 9560.0, "meltinglvl": 10402.06, "mixratio925": 0.0, "pw": 0.47, "mlcin": -9999, "temp500": -12.1, "height850": 1538.0, "mlcape03": 76.97, "dewpoint850": -4.8, "stp_eff": 0.0, "sblfc": -999.0, "lapserate36": 7.27, "windspd700": 16.01, "temp850": 17.2, "dewpoint500": -22.1, "fosberg": 10.34, "mulfc": -999.0, "mixratio850": 3.16, "muli": 1.48, "lapserate03": 2.43, "sbli": 16.71, "mucin": -9999, "shear03": 27.1, "winddir300": 340.0, "sfc_td": 24.439999999999998, "mulcl": 4666.68, "sblcl": 1672.46, "mixratio700": 3.67, "height250": 10790.0, "dewpoint700": -5.4, "height500": 5840.0, "lapserate85": 6.89, "dcape": 447.07, "mixratio01km": -9999.0, "dewpoint925": -999.0, "mixratio500": 1.31, "convtemp": -9999.0, "height700": 3161.0, "winddir850": 225.0, "windspd300": 33.99, "sfc_t": 47.84, "stp_fix": 0.0, "winddir925": -999.0, "sfcwindspd": 8.99, "scpeff": 0.0, "mixratiosfc850": 2.6, "temp700": 7.6, "sbcin": -9999, "wbzheight": 7856.14, "mllfc": -999.0, "windspd925": -999.0, "sbcape": 0, "mlli": 1.48, "sfcrh": 39.25, "temp925": -999.0}}