{"info": {"Latitude": 39.47, "Identifier": "APG", "Elevation(m)": 5.0, "Longitude": -76.07}, "170412/1200": {"temp300": -42.3, "shear06": 47.4, "mixratio03km": 7.24, "lapserate75": 6.95, "windspd850": 8.99, "winddir700": 215.0, "temp250": -52.3, "winddir250": 240.0, "mlcape": 0, "sfc_vwnd": -2.8999999999999999, "sfc_uwnd": -0.78000000000000003, "shear01": 12.2, "srh01": -82.52, "eff_srh": 0.0, "srh03": -22.03, "windspd250": 56.0, "ship": 0.0, "windspd500": 47.01, "winddir500": 225.0, "mllcl": 1005.05, "mucape": 40, "height300": 9400.0, "meltinglvl": 10834.94, "mixratio925": 7.85, "pw": 1.09, "mlcin": -9999, "temp500": -16.7, "height850": 1550.0, "mlcape03": 0.0, "dewpoint850": 6.3, "stp_eff": 0.0, "sblfc": -999.0, "lapserate36": 7.1, "windspd700": 23.0, "temp850": 10.4, "dewpoint500": -25.7, "fosberg": 0.69, "mulfc": 5755.0, "mixratio850": 7.09, "muli": -0.1, "lapserate03": 3.87, "sbli": 6.59, "mucin": -50, "shear03": 20.2, "winddir300": 230.0, "sfc_td": 53.96, "mulcl": 2689.62, "sblcl": 77.49, "mixratio700": 3.78, "height250": 10610.0, "dewpoint700": -5.0, "height500": 5760.0, "lapserate85": 6.69, "dcape": 499.03, "mixratio01km": 8.15, "dewpoint925": 9.0, "mixratio500": 0.95, "convtemp": 29.8, "height700": 3143.0, "winddir850": 325.0, "windspd300": 54.99, "sfc_t": 55.040000000000006, "stp_fix": 0.0, "winddir925": 325.0, "sfcwindspd": 2.99, "scpeff": 0.0, "mixratiosfc850": 7.92, "temp700": 1.0, "sbcin": -9999, "wbzheight": 9969.84, "mllfc": -999.0, "windspd925": 15.0, "sbcape": 0, "mlli": -0.1, "sfcrh": 96.08, "temp925": 14.0}}