{"info": {"Latitude": 44.91, "Identifier": "APX", "Elevation(m)": 446.0, "Longitude": -84.71}, "200430/0000": {"sfc_vwnd": -5.14, "sfc_uwnd": -6.13, "mixratio03km": 6.21, "lapserate75": 6.19, "windspd850": 31.0, "winddir700": 200.0, "lapserate36": 6.66, "winddir250": 210.0, "mlcape": 0, "mixratio850": 7.87, "srh01": 498.01, "eff_srh": 0.0, "srh03": 502.57, "windspd250": 48.0, "winddir500": 195.0, "sfcwindspd": 8.0, "windspd500": 33.99, "temp300": -42.3, "mllcl": 467.7, "height300": 9160.0, "meltinglvl": 7460.95, "windspd925": 22.01, "mixratio925": 5.16, "pw": 0.96, "temp500": -16.7, "height850": 1337.0, "mlcape03": 0.0, "dewpoint850": 7.8, "stp_eff": 0.0, "shear01": 35.0, "shear03": 37.9, "ship": 0.0, "temp850": 7.8, "dewpoint500": -19.2, "mucape": 35, "temp700": -1.1, "sblfc": 52.02, "mixratio01km": 5.94, "windspd700": 22.01, "muli": 0.9, "lapserate03": 2.85, "mlcin": -9999, "mucin": -26, "winddir300": 205.0, "mulcl": 881.28, "sblcl": 52.02, "mixratio700": 5.07, "temp250": -48.3, "sfc_td": 38.84, "sfcrh": 97.2, "height500": 5530.0, "dewpoint700": -1.1, "lapserate85": 6.1, "dcape": -102.53, "sbli": 14.92, "dewpoint925": 3.0, "mixratio500": 1.68, "convtemp": 22.2, "height700": 2916.0, "winddir850": 175.0, "mlli": 0.9, "mulfc": 929.36, "stp_fix": 0.0, "winddir925": 60.0, "fosberg": 1.29, "scpeff": 0.0, "mixratiosfc850": 6.4, "shear06": 34.7, "sbcin": -1968, "wbzheight": 7460.53, "mllfc": -999.0, "height250": 10380.0, "sbcape": 0, "windspd300": 79.99, "sfc_t": 39.56, "temp925": 3.0}, "200430/1200": {"temp300": -39.9, "shear06": 41.8, "mixratio03km": 4.68, "lapserate75": 6.32, "windspd850": 6.99, "winddir700": 160.0, "temp250": -44.3, "winddir250": 155.0, "mlcape": 0, "sfc_vwnd": -5.9800000000000004, "sfc_uwnd": -0.52000000000000002, "shear01": 10.9, "srh01": 74.31, "eff_srh": 0.0, "srh03": 89.49, "windspd250": 23.0, "ship": 0.0, "windspd500": 43.01, "winddir500": 120.0, "mllcl": 525.27, "mucape": 0, "height300": 9070.0, "meltinglvl": 4952.32, "mixratio925": 4.73, "pw": 0.65, "mlcin": -9999, "temp500": -21.3, "height850": 1350.0, "mlcape03": 0.0, "dewpoint850": 2.0, "stp_eff": 0.0, "sblfc": 56.96, "lapserate36": 6.7, "windspd700": 10.0, "temp850": 4.8, "dewpoint500": -27.3, "fosberg": 0.7, "mulfc": -999.0, "mixratio850": 5.23, "muli": 1.93, "lapserate03": 4.23, "sbli": 11.77, "mucin": -9999, "shear03": 21.0, "winddir300": 135.0, "sfc_td": 37.58, "mulcl": 5191.41, "sblcl": 13.76, "mixratio700": 3.45, "height250": 10300.0, "dewpoint700": -6.2, "height500": 5470.0, "lapserate85": 6.52, "dcape": -0.36, "mixratio01km": 5.49, "dewpoint925": 1.8, "mixratio500": 0.82, "convtemp": 18.2, "height700": 2903.0, "winddir850": 145.0, "windspd300": 31.0, "sfc_t": 37.76, "stp_fix": 0.0, "winddir925": 35.0, "sfcwindspd": 6.0, "scpeff": 0.0, "mixratiosfc850": 5.48, "temp700": -5.5, "sbcin": -1502, "wbzheight": 4658.52, "mllfc": -999.0, "windspd925": 13.0, "sbcape": 1, "mlli": 1.93, "sfcrh": 99.29, "temp925": 1.8}}