{"info": {"Latitude": 33.16, "Identifier": "BMX", "Elevation(m)": 178.0, "Longitude": -86.76}, "200606/1200": {"temp300": -33.1, "shear06": 6.5, "mixratio03km": 9.26, "lapserate75": 6.14, "windspd850": 10.0, "winddir700": 75.0, "temp250": -41.3, "winddir250": 255.0, "mlcape": 95, "sfc_vwnd": 0.0, "sfc_uwnd": 0.0, "shear01": 6.9, "srh01": 8.44, "eff_srh": -15.2, "srh03": -83.33, "windspd250": 42.0, "ship": 0.01, "windspd500": 10.0, "winddir500": 215.0, "mllcl": 986.88, "mucape": 279, "height300": 9650.0, "meltinglvl": 14135.93, "mixratio925": 13.1, "pw": 1.47, "mlcin": -174, "temp500": -8.7, "height850": 1539.0, "mlcape03": 0.0, "dewpoint850": 9.8, "stp_eff": 0.0, "sblfc": 4995.36, "lapserate36": 5.82, "windspd700": 10.99, "temp850": 17.8, "dewpoint500": -11.7, "fosberg": 0.59, "mulfc": 2621.56, "mixratio850": 9.02, "muli": -2.26, "lapserate03": 5.09, "sbli": -0.35, "mucin": -84, "shear03": 11.0, "winddir300": 255.0, "sfc_td": 66.74000000000001, "mulcl": 1233.19, "sblcl": 217.74, "mixratio700": 4.27, "height250": 10910.0, "dewpoint700": -3.4, "height500": 5860.0, "lapserate85": 6.38, "dcape": 693.78, "mixratio01km": 13.22, "dewpoint925": 16.7, "mixratio500": 3.13, "convtemp": 31.0, "height700": 3171.0, "winddir850": 155.0, "windspd300": 27.99, "sfc_t": 69.80000000000001, "stp_fix": 0.0, "winddir925": 175.0, "sfcwindspd": 0.0, "scpeff": -0.0, "mixratiosfc850": 12.24, "temp700": 7.6, "sbcin": -284, "wbzheight": 11377.3, "mllfc": 3051.91, "windspd925": 8.0, "sbcape": 31, "mlli": -2.26, "sfcrh": 89.78, "temp925": 21.4}, "200606/0000": {"sfc_vwnd": -1.93, "sfc_uwnd": -2.3, "mixratio03km": 11.59, "lapserate75": 4.8, "windspd850": 8.0, "winddir700": 350.0, "lapserate36": 4.9, "winddir250": 240.0, "mlcape": 978, "windspd300": 39.01, "srh01": 85.58, "eff_srh": 90.34, "srh03": 78.62, "windspd250": 33.99, "shear06": 19.5, "temp300": -32.9, "windspd500": 17.0, "winddir500": 270.0, "lapserate03": 8.48, "height300": 9650.0, "meltinglvl": 13827.91, "mixratio925": 14.07, "pw": 1.6, "mulcl": 769.18, "temp500": -6.9, "height850": 1536.0, "sbli": -5.34, "mlcape03": 85.68, "dewpoint850": 12.4, "stp_eff": 0.0, "shear01": 10.9, "temp925": 23.8, "shear03": 9.7, "temp850": 18.4, "dewpoint500": -37.9, "mucape": 2534, "temp700": 5.0, "sblfc": 1197.38, "muli": -5.34, "mllcl": 1305.91, "mlcin": -38, "mucin": -18, "winddir300": 235.0, "ship": 0.0, "sblcl": 769.18, "mixratio700": 6.17, "height250": 10910.0, "sfc_td": 71.96000000000001, "windspd700": 10.99, "height500": 5850.0, "dewpoint700": 1.6, "lapserate85": 6.29, "dcape": 984.33, "mixratio01km": 14.11, "dewpoint925": 17.8, "mixratio500": 0.29, "convtemp": 31.2, "height700": 3165.0, "stp_fix": 0.0, "winddir850": 295.0, "mlli": -5.34, "mulfc": 1197.38, "temp250": -42.1, "winddir925": 240.0, "fosberg": 2.71, "scpeff": 2.48, "mixratiosfc850": 13.35, "mixratio850": 10.75, "sbcin": -18, "wbzheight": 11582.84, "mllfc": 1748.35, "windspd925": 10.0, "sbcape": 2534, "sfcwindspd": 2.99, "sfc_t": 82.75999999999999, "sfcrh": 69.12}}