{"info": {"Latitude": 36.25, "Identifier": "BNA", "Elevation(m)": 210.0, "Longitude": -86.56}, "200430/0000": {"sfc_vwnd": 2.82, "sfc_uwnd": -1.03, "mixratio03km": 5.62, "lapserate75": 6.63, "windspd850": 29.0, "winddir700": 260.0, "lapserate36": 6.78, "winddir250": 220.0, "mlcape": 273, "mixratio850": 5.57, "srh01": -59.35, "eff_srh": -40.97, "srh03": -103.05, "windspd250": 121.0, "winddir500": 210.0, "sfcwindspd": 2.99, "windspd500": 64.01, "temp300": -36.5, "mllcl": 1033.59, "height300": 9200.0, "meltinglvl": 7188.13, "windspd925": 12.0, "mixratio925": 7.43, "pw": 0.82, "temp500": -20.7, "height850": 1416.0, "mlcape03": 67.22, "dewpoint850": 2.9, "stp_eff": 0.0, "shear01": 27.7, "shear03": 42.2, "ship": 0.47, "temp850": 7.6, "dewpoint500": -25.7, "mucape": 746, "temp700": -4.1, "sblfc": 1009.0, "mixratio01km": 7.5, "windspd700": 38.0, "muli": -3.43, "lapserate03": 7.44, "mlcin": -29, "mucin": -14, "winddir300": 215.0, "mulcl": 323.75, "sblcl": 323.75, "mixratio700": 3.56, "temp250": -45.7, "sfc_td": 55.94, "sfcrh": 83.74, "height500": 5550.0, "dewpoint700": -5.8, "lapserate85": 7.04, "dcape": 605.47, "sbli": -3.43, "dewpoint925": 8.2, "mixratio500": 0.95, "convtemp": 20.0, "height700": 2982.0, "winddir850": 275.0, "mlli": -3.43, "mulfc": 1009.0, "stp_fix": 0.0, "winddir925": 245.0, "fosberg": 1.6, "scpeff": -0.61, "mixratiosfc850": 6.99, "shear06": 66.1, "sbcin": -14, "wbzheight": 6869.4, "mllfc": 1520.89, "height250": 10440.0, "sbcape": 746, "windspd300": 102.99, "sfc_t": 60.8, "temp925": 12.8}, "200430/1200": {"temp300": -43.1, "shear06": 20.5, "mixratio03km": 3.99, "lapserate75": 5.99, "windspd850": 23.0, "winddir700": 310.0, "temp250": -43.5, "winddir250": 235.0, "mlcape": 0, "sfc_vwnd": -0.52000000000000002, "sfc_uwnd": 2.9500000000000002, "shear01": 20.8, "srh01": 64.89, "eff_srh": 0.0, "srh03": 90.61, "windspd250": 27.99, "ship": 0.0, "windspd500": 23.0, "winddir500": 280.0, "mllcl": 710.37, "mucape": 0, "height300": 9150.0, "meltinglvl": 4987.43, "mixratio925": 5.74, "pw": 0.68, "mlcin": -9999, "temp500": -19.1, "height850": 1419.0, "mlcape03": 0.0, "dewpoint850": 1.0, "stp_eff": 0.0, "sblfc": 441.54, "lapserate36": 6.23, "windspd700": 25.0, "temp850": 1.8, "dewpoint500": -26.1, "fosberg": 1.55, "mulfc": -999.0, "mixratio850": 4.86, "muli": 3.44, "lapserate03": 5.38, "sbli": 7.11, "mucin": -9999, "shear03": 21.9, "winddir300": 295.0, "sfc_td": 46.76, "mulcl": 4337.34, "sblcl": 307.96, "mixratio700": 2.58, "height250": 10380.0, "dewpoint700": -9.9, "height500": 5550.0, "lapserate85": 5.22, "dcape": 37.31, "mixratio01km": 5.79, "dewpoint925": 4.5, "mixratio500": 0.91, "convtemp": 24.8, "height700": 2965.0, "winddir850": 325.0, "windspd300": 24.01, "sfc_t": 51.44, "stp_fix": 0.0, "winddir925": 300.0, "sfcwindspd": 2.99, "scpeff": 0.0, "mixratiosfc850": 5.65, "temp700": -3.9, "sbcin": -577, "wbzheight": 4760.1, "mllfc": -999.0, "windspd925": 22.01, "sbcape": 29, "mlli": 3.44, "sfcrh": 83.77, "temp925": 6.2}}