{"info": {"Latitude": 43.56, "Identifier": "BOI", "Elevation(m)": 874.0, "Longitude": -116.21}, "200430/0000": {"temp300": -37.1, "shear06": 50.7, "mixratio03km": 5.13, "lapserate75": 7.87, "windspd850": 10.99, "winddir700": 215.0, "temp250": -47.3, "winddir250": 240.0, "mlcape": 73, "sfc_vwnd": 4.2400000000000002, "sfc_uwnd": -4.2400000000000002, "shear01": 5.6, "srh01": 41.74, "eff_srh": 0.0, "srh03": 103.95, "windspd250": 75.0, "ship": 0.0, "windspd500": 38.0, "winddir500": 235.0, "mllcl": 3294.99, "mucape": 199, "height300": 9500.0, "meltinglvl": 10517.97, "mixratio925": 0.0, "pw": 0.75, "mlcin": -41, "temp500": -12.7, "height850": 1484.0, "mlcape03": 17.42, "dewpoint850": 1.6, "stp_eff": 0.0, "sblfc": 3637.05, "lapserate36": 7.45, "windspd700": 12.0, "temp850": 23.6, "dewpoint500": -18.7, "fosberg": 9.54, "mulfc": 3637.05, "mixratio850": 5.08, "muli": -1.35, "lapserate03": 9.82, "sbli": -1.35, "mucin": -6, "shear03": 26.6, "winddir300": 235.0, "sfc_td": 38.84, "mulcl": 3324.78, "sblcl": 3324.78, "mixratio700": 4.67, "height250": 10730.0, "dewpoint700": -2.2, "height500": 5800.0, "lapserate85": 8.56, "dcape": 1148.52, "mixratio01km": 5.65, "dewpoint925": -999.0, "mixratio500": 1.75, "convtemp": 31.8, "height700": 3130.0, "winddir850": 155.0, "windspd300": 66.01, "sfc_t": 87.44, "stp_fix": 0.0, "winddir925": -999.0, "sfcwindspd": 6.0, "scpeff": 0.0, "mixratiosfc850": 5.51, "temp700": 7.8, "sbcin": -6, "wbzheight": 8973.24, "mllfc": 4507.19, "windspd925": -999.0, "sbcape": 199, "mlli": -1.35, "sfcrh": 17.31, "temp925": -999.0}}