{"info": {"Latitude": 25.91, "Identifier": "BRO", "Elevation(m)": 7.0, "Longitude": -97.41}, "200606/1200": {"temp300": -29.5, "shear06": 18.6, "mixratio03km": 12.07, "lapserate75": 5.03, "windspd850": 12.0, "winddir700": 30.0, "temp250": -39.3, "winddir250": 10.0, "mlcape": 591, "sfc_vwnd": -2.7200000000000002, "sfc_uwnd": 1.27, "shear01": 13.0, "srh01": 39.22, "eff_srh": 38.49, "srh03": 37.84, "windspd250": 25.99, "ship": 0.0, "windspd500": 18.01, "winddir500": 30.0, "mllcl": 690.43, "mucape": 1223, "height300": 9700.0, "meltinglvl": 16606.92, "mixratio925": 15.69, "pw": 1.68, "mlcin": -5, "temp500": -3.7, "height850": 1501.0, "mlcape03": 49.19, "dewpoint850": 15.0, "stp_eff": 0.0, "sblfc": 6560.88, "lapserate36": 4.93, "windspd700": 16.01, "temp850": 16.6, "dewpoint500": -41.7, "fosberg": 0.92, "mulfc": 603.0, "mixratio850": 12.78, "muli": -2.06, "lapserate03": 5.39, "sbli": -0.16, "mucin": -4, "shear03": 15.9, "winddir300": 15.0, "sfc_td": 73.4, "mulcl": 423.0, "sblcl": 132.79, "mixratio700": 5.91, "height250": 10980.0, "dewpoint700": 1.0, "height500": 5860.0, "lapserate85": 5.16, "dcape": 1104.41, "mixratio01km": 16.63, "dewpoint925": 19.5, "mixratio500": 0.2, "convtemp": 28.0, "height700": 3141.0, "winddir850": 50.0, "windspd300": 31.0, "sfc_t": 75.2, "stp_fix": 0.0, "winddir925": 50.0, "sfcwindspd": 2.99, "scpeff": 0.0, "mixratiosfc850": 15.85, "temp700": 9.0, "sbcin": -60, "wbzheight": 12343.77, "mllfc": 907.0, "windspd925": 8.99, "sbcape": 308, "mlli": -2.06, "sfcrh": 93.98, "temp925": 21.0}, "200606/0000": {"sfc_vwnd": 0.0, "sfc_uwnd": -11.0, "mixratio03km": 10.23, "lapserate75": 5.54, "windspd850": 8.99, "winddir700": 40.0, "lapserate36": 5.59, "winddir250": 360.0, "mlcape": 51, "windspd300": 33.0, "srh01": 15.44, "eff_srh": -4.08, "srh03": 13.7, "windspd250": 37.01, "shear06": 15.1, "temp300": -28.5, "windspd500": 16.01, "winddir500": 25.0, "lapserate03": 7.19, "height300": 9740.0, "meltinglvl": 16511.8, "mixratio925": 13.53, "pw": 1.54, "mulcl": 1025.5, "temp500": -3.7, "height850": 1521.0, "sbli": -2.95, "mlcape03": 0.0, "dewpoint850": 9.4, "stp_eff": 0.0, "shear01": 5.9, "temp925": 23.2, "shear03": 7.5, "temp850": 19.4, "dewpoint500": -35.7, "mucape": 1622, "temp700": 10.4, "sblfc": 1212.0, "muli": -2.95, "mllcl": 1483.15, "mlcin": -129, "mucin": -1, "winddir300": 5.0, "ship": 0.0, "sblcl": 1025.5, "mixratio700": 6.08, "height250": 11020.0, "sfc_td": 73.03999999999999, "windspd700": 8.0, "height500": 5890.0, "dewpoint700": 1.4, "lapserate85": 5.63, "dcape": 1311.06, "mixratio01km": 13.92, "dewpoint925": 17.2, "mixratio500": 0.37, "convtemp": 36.8, "height700": 3168.0, "stp_fix": 0.0, "winddir850": 30.0, "mlli": -2.95, "mulfc": 1212.0, "temp250": -39.5, "winddir925": 80.0, "fosberg": 10.16, "scpeff": -0.1, "mixratiosfc850": 13.26, "mixratio850": 8.78, "sbcin": -1, "wbzheight": 12992.37, "mllfc": 6169.76, "windspd925": 13.0, "sbcape": 1622, "sfcwindspd": 10.99, "sfc_t": 87.44, "sfcrh": 61.39}}