{"info": {"Latitude": 42.93, "Identifier": "BUF", "Elevation(m)": 215.0, "Longitude": -78.73}, "200430/0000": {"sfc_vwnd": 10.28, "sfc_uwnd": -12.26, "mixratio03km": 4.98, "lapserate75": 5.64, "windspd850": 45.01, "winddir700": 215.0, "lapserate36": 5.52, "winddir250": 230.0, "mlcape": 0, "mixratio850": 5.23, "srh01": 395.26, "eff_srh": 0.0, "srh03": 499.3, "windspd250": 77.99, "winddir500": 220.0, "sfcwindspd": 16.01, "windspd500": 43.01, "temp300": -40.3, "mllcl": 1759.03, "height300": 9330.0, "meltinglvl": 9116.53, "windspd925": 31.0, "mixratio925": 5.86, "pw": 0.86, "temp500": -14.7, "height850": 1429.0, "mlcape03": 3.83, "dewpoint850": 2.0, "stp_eff": 0.0, "shear01": 37.3, "shear03": 48.6, "ship": 0.0, "temp850": 11.0, "dewpoint500": -17.9, "mucape": 0, "temp700": -0.3, "sblfc": -999.0, "mixratio01km": 5.87, "windspd700": 46.0, "muli": 1.36, "lapserate03": 7.16, "mlcin": -9999, "mucin": -9999, "winddir300": 210.0, "mulcl": 4883.55, "sblcl": 1390.5, "mixratio700": 4.17, "temp250": -49.7, "sfc_td": 46.4, "sfcrh": 48.24, "height500": 5650.0, "dewpoint700": -3.7, "lapserate85": 6.23, "dcape": 237.95, "sbli": 5.17, "dewpoint925": 4.8, "mixratio500": 1.88, "convtemp": 30.0, "height700": 3025.0, "winddir850": 180.0, "mlli": 1.36, "mulfc": -999.0, "stp_fix": 0.0, "winddir925": 145.0, "fosberg": 16.61, "scpeff": 0.0, "mixratiosfc850": 5.7, "shear06": 38.2, "sbcin": -9999, "wbzheight": 8121.26, "mllfc": -999.0, "height250": 10550.0, "sbcape": 0, "windspd300": 60.01, "sfc_t": 66.2, "temp925": 14.8}, "200430/1200": {"temp300": -40.7, "shear06": 59.1, "mixratio03km": 6.7, "lapserate75": 5.28, "windspd850": 19.0, "winddir700": 185.0, "temp250": -51.3, "winddir250": 200.0, "mlcape": 0, "sfc_vwnd": -4.5, "sfc_uwnd": -5.3600000000000003, "shear01": 21.4, "srh01": 92.34, "eff_srh": 0.0, "srh03": 303.78, "windspd250": 89.01, "ship": 0.0, "windspd500": 56.99, "winddir500": 195.0, "mllcl": 573.87, "mucape": 0, "height300": 9290.0, "meltinglvl": 8408.32, "mixratio925": 8.12, "pw": 1.12, "mlcin": -9999, "temp500": -13.9, "height850": 1394.0, "mlcape03": 29.97, "dewpoint850": 6.7, "stp_eff": 0.0, "sblfc": -999.0, "lapserate36": 5.73, "windspd700": 54.0, "temp850": 7.4, "dewpoint500": -16.4, "fosberg": 2.37, "mulfc": -999.0, "mixratio850": 7.29, "muli": 1.5, "lapserate03": 4.96, "sbli": 6.59, "mucin": -9999, "shear03": 61.8, "winddir300": 195.0, "sfc_td": 52.879999999999995, "mulcl": 4688.22, "sblcl": 203.56, "mixratio700": 4.88, "height250": 10510.0, "dewpoint700": -1.6, "height500": 5600.0, "lapserate85": 5.28, "dcape": 11.9, "mixratio01km": 8.12, "dewpoint925": 9.5, "mixratio500": 2.13, "convtemp": 24.2, "height700": 2971.0, "winddir850": 190.0, "windspd300": 88.0, "sfc_t": 55.76, "stp_fix": 0.0, "winddir925": 220.0, "sfcwindspd": 6.99, "scpeff": 0.0, "mixratiosfc850": 7.9, "temp700": -0.5, "sbcin": -9999, "wbzheight": 8140.74, "mllfc": -999.0, "windspd925": 19.0, "sbcape": 0, "mlli": 1.5, "sfcrh": 89.87, "temp925": 10.8}}