{"info": {"Latitude": 41.66, "Identifier": "CHH", "Elevation(m)": 16.0, "Longitude": -69.96}, "200430/0000": {"temp300": -41.5, "shear06": 42.7, "mixratio03km": 1.34, "lapserate75": 5.94, "windspd850": 6.0, "winddir700": 310.0, "temp250": -50.5, "winddir250": 310.0, "mlcape": 0, "sfc_vwnd": 5.1399999999999997, "sfc_uwnd": -6.1299999999999999, "shear01": 2.2, "srh01": 3.01, "eff_srh": 0.0, "srh03": 146.0, "windspd250": 64.01, "ship": 0.0, "windspd500": 29.99, "winddir500": 300.0, "mllcl": 2526.15, "mucape": 0, "height300": 9370.0, "meltinglvl": 7299.14, "mixratio925": 1.04, "pw": 0.45, "mlcin": -9999, "temp500": -17.3, "height850": 1553.0, "mlcape03": 0.0, "dewpoint850": -17.8, "stp_eff": 0.0, "sblfc": 152.97, "lapserate36": 5.58, "windspd700": 25.0, "temp850": 4.2, "dewpoint500": -30.3, "fosberg": 2.22, "mulfc": -999.0, "mixratio850": 1.11, "muli": 2.07, "lapserate03": 3.03, "sbli": 17.26, "mucin": -9999, "shear03": 30.0, "winddir300": 295.0, "sfc_td": 41.72, "mulcl": 4169.08, "sblcl": 152.97, "mixratio700": 2.17, "height250": 10580.0, "dewpoint700": -12.1, "height500": 5710.0, "lapserate85": 5.19, "dcape": 80.86, "mixratio01km": 1.47, "dewpoint925": -17.6, "mixratio500": 0.62, "convtemp": -9999.0, "height700": 3107.0, "winddir850": 130.0, "windspd300": 54.0, "sfc_t": 43.879999999999995, "stp_fix": 0.0, "winddir925": 125.0, "sfcwindspd": 8.0, "scpeff": 0.0, "mixratiosfc850": 1.48, "temp700": -2.1, "sbcin": -2054, "wbzheight": 954.38, "mllfc": -999.0, "windspd925": 6.99, "sbcape": 3, "mlli": 2.07, "sfcrh": 91.96, "temp925": 5.4}}