{"info": {"Latitude": 32.9, "Identifier": "CHS", "Elevation(m)": 15.0, "Longitude": -80.03}, "200606/1200": {"temp300": -32.5, "shear06": 7.8, "mixratio03km": 11.56, "lapserate75": 5.06, "windspd850": 17.0, "winddir700": 255.0, "temp250": -41.1, "winddir250": 275.0, "mlcape": 603, "sfc_vwnd": 2.7400000000000002, "sfc_uwnd": 7.5199999999999996, "shear01": 11.4, "srh01": 51.86, "eff_srh": 55.01, "srh03": 87.0, "windspd250": 60.01, "ship": 0.0, "windspd500": 17.0, "winddir500": 235.0, "mllcl": 952.68, "mucape": 997, "height300": 9670.0, "meltinglvl": 14993.65, "mixratio925": 13.36, "pw": 1.92, "mlcin": -44, "temp500": -7.5, "height850": 1548.0, "mlcape03": 81.89, "dewpoint850": 13.4, "stp_eff": 0.0, "sblfc": 1482.85, "lapserate36": 5.08, "windspd700": 22.01, "temp850": 16.4, "dewpoint500": -17.5, "fosberg": 2.9, "mulfc": 1351.4, "mixratio850": 11.5, "muli": -3.33, "lapserate03": 6.6, "sbli": -2.88, "mucin": -20, "shear03": 12.9, "winddir300": 270.0, "sfc_td": 72.14, "mulcl": 937.93, "sblcl": 219.29, "mixratio700": 6.31, "height250": 10930.0, "dewpoint700": 1.9, "height500": 5870.0, "lapserate85": 5.92, "dcape": 347.86, "mixratio01km": 14.72, "dewpoint925": 17.0, "mixratio500": 1.94, "convtemp": 31.0, "height700": 3171.0, "winddir850": 265.0, "windspd300": 36.0, "sfc_t": 75.2, "stp_fix": 0.0, "winddir925": 270.0, "sfcwindspd": 8.0, "scpeff": 0.0, "mixratiosfc850": 13.96, "temp700": 5.4, "sbcin": -62, "wbzheight": 13216.78, "mllfc": 1694.75, "windspd925": 19.0, "sbcape": 814, "mlli": -3.33, "sfcrh": 89.96, "temp925": 21.8}, "200606/0000": {"sfc_vwnd": 7.52, "sfc_uwnd": 2.74, "mixratio03km": 10.71, "lapserate75": 5.8, "windspd850": 15.0, "winddir700": 275.0, "lapserate36": 5.84, "winddir250": 295.0, "mlcape": 88, "windspd300": 39.01, "srh01": 84.62, "eff_srh": 60.56, "srh03": 87.19, "windspd250": 27.99, "shear06": 19.9, "temp300": -32.3, "windspd500": 22.01, "winddir500": 270.0, "lapserate03": 6.75, "height300": 9660.0, "meltinglvl": 15326.61, "mixratio925": 11.42, "pw": 1.63, "mulcl": 768.79, "temp500": -6.3, "height850": 1534.0, "sbli": -2.79, "mlcape03": 0.0, "dewpoint850": 12.2, "stp_eff": 0.0, "shear01": 10.3, "temp925": 22.6, "shear03": 10.2, "temp850": 17.2, "dewpoint500": -19.3, "mucape": 1419, "temp700": 8.6, "sblfc": 1509.0, "muli": -2.79, "mllcl": 1419.55, "mlcin": -139, "mucin": -26, "winddir300": 260.0, "ship": 0.01, "sblcl": 768.79, "mixratio700": 6.17, "height250": 10920.0, "sfc_td": 70.88, "windspd700": 10.99, "height500": 5870.0, "dewpoint700": 1.6, "lapserate85": 5.78, "dcape": 838.06, "mixratio01km": 12.65, "dewpoint925": 14.6, "mixratio500": 1.67, "convtemp": 33.6, "height700": 3166.0, "stp_fix": 0.0, "winddir850": 240.0, "mlli": -2.79, "mulfc": 1509.0, "temp250": -42.9, "winddir925": 220.0, "fosberg": 6.45, "scpeff": 0.0, "mixratiosfc850": 12.31, "mixratio850": 10.61, "sbcin": -26, "wbzheight": 13045.99, "mllfc": 7083.56, "windspd925": 19.0, "sbcape": 1419, "sfcwindspd": 8.0, "sfc_t": 81.68, "sfcrh": 69.05}}