{"info": {"Latitude": 27.76, "Identifier": "CRP", "Elevation(m)": 13.0, "Longitude": -97.5}, "200606/1200": {"temp300": -29.9, "shear06": 17.7, "mixratio03km": 11.23, "lapserate75": 4.87, "windspd850": 23.0, "winddir700": 45.0, "temp250": -40.1, "winddir250": 355.0, "mlcape": 569, "sfc_vwnd": -1.9299999999999999, "sfc_uwnd": 2.2999999999999998, "shear01": 21.4, "srh01": 48.18, "eff_srh": 45.26, "srh03": 19.57, "windspd250": 25.99, "ship": 0.0, "windspd500": 19.0, "winddir500": 30.0, "mllcl": 737.61, "mucape": 1623, "height300": 9710.0, "meltinglvl": 16329.08, "mixratio925": 15.49, "pw": 1.52, "mlcin": -31, "temp500": -3.1, "height850": 1511.0, "mlcape03": 31.35, "dewpoint850": 10.0, "stp_eff": 0.0, "sblfc": 506.79, "lapserate36": 5.01, "windspd700": 12.0, "temp850": 19.0, "dewpoint500": -30.1, "fosberg": 0.5, "mulfc": 506.79, "mixratio850": 9.15, "muli": -1.96, "lapserate03": 5.86, "sbli": -1.96, "mucin": -5, "shear03": 12.5, "winddir300": 5.0, "sfc_td": 76.64, "mulcl": 0.0, "sblcl": 0.0, "mixratio700": 4.88, "height250": 10980.0, "dewpoint700": -1.6, "height500": 5870.0, "lapserate85": 5.42, "dcape": 1113.97, "mixratio01km": 16.48, "dewpoint925": 19.3, "mixratio500": 0.63, "convtemp": 30.8, "height700": 3152.0, "winddir850": 75.0, "windspd300": 27.0, "sfc_t": 76.64, "stp_fix": 0.0, "winddir925": 80.0, "sfcwindspd": 2.99, "scpeff": 0.82, "mixratiosfc850": 13.92, "temp700": 9.4, "sbcin": -5, "wbzheight": 11414.72, "mllfc": 2121.0, "windspd925": 16.01, "sbcape": 1623, "mlli": -1.96, "sfcrh": 100.0, "temp925": 21.0}, "200606/0000": {"sfc_vwnd": 3.42, "sfc_uwnd": -9.4, "mixratio03km": 10.66, "lapserate75": 5.19, "windspd850": 8.99, "winddir700": 90.0, "lapserate36": 5.47, "winddir250": 350.0, "mlcape": 19, "windspd300": 35.0, "srh01": 23.13, "eff_srh": 1.05, "srh03": -2.22, "windspd250": 35.0, "shear06": 24.7, "temp300": -29.5, "windspd500": 21.0, "winddir500": 20.0, "lapserate03": 7.77, "height300": 9720.0, "meltinglvl": 16642.03, "mixratio925": 10.27, "pw": 1.46, "mulcl": 771.29, "temp500": -4.3, "height850": 1527.0, "sbli": -5.62, "mlcape03": 0.0, "dewpoint850": 11.8, "stp_eff": 0.0, "shear01": 8.9, "temp925": 24.0, "shear03": 2.8, "temp850": 18.8, "dewpoint500": -24.3, "mucape": 3442, "temp700": 9.0, "sblfc": 771.29, "muli": -5.62, "mllcl": 1545.71, "mlcin": -155, "mucin": 0, "winddir300": 355.0, "ship": 0.0, "sblcl": 771.29, "mixratio700": 5.91, "height250": 10990.0, "sfc_td": 76.64, "windspd700": 6.0, "height500": 5890.0, "dewpoint700": 1.0, "lapserate85": 5.67, "dcape": 1204.24, "mixratio01km": 13.22, "dewpoint925": 13.0, "mixratio500": 1.07, "convtemp": 35.8, "height700": 3168.0, "stp_fix": 0.0, "winddir850": 45.0, "mlli": -5.62, "mulfc": 771.29, "temp250": -39.9, "winddir925": 65.0, "fosberg": 8.02, "scpeff": 0.05, "mixratiosfc850": 12.95, "mixratio850": 10.33, "sbcin": 0, "wbzheight": 12742.4, "mllfc": 6083.84, "windspd925": 10.99, "sbcape": 3442, "sfcwindspd": 10.0, "sfc_t": 87.44, "sfcrh": 69.49}}