{"info": {"Latitude": 37.76, "Identifier": "DDC", "Elevation(m)": 790.0, "Longitude": -99.97}, "200430/0000": {"sfc_vwnd": -14.0, "sfc_uwnd": 0.0, "mixratio03km": 1.99, "lapserate75": 5.51, "windspd850": 21.0, "winddir700": 335.0, "lapserate36": 6.45, "winddir250": 345.0, "mlcape": 0, "mixratio850": 2.88, "srh01": 24.49, "eff_srh": 0.0, "srh03": 101.45, "windspd250": 69.0, "winddir500": 340.0, "sfcwindspd": 14.01, "windspd500": 50.99, "temp300": -40.3, "mllcl": 2969.41, "height300": 9470.0, "meltinglvl": 9591.92, "windspd925": 15.0, "mixratio925": 3.64, "pw": 0.3, "temp500": -12.5, "height850": 1541.0, "mlcape03": 69.08, "dewpoint850": -6.0, "stp_eff": 0.0, "shear01": 7.9, "shear03": 25.4, "ship": 0.0, "temp850": 13.0, "dewpoint500": -28.5, "mucape": 0, "temp700": 2.2, "sblfc": -999.0, "mixratio01km": 3.61, "windspd700": 41.01, "muli": 3.86, "lapserate03": 7.65, "mlcin": -9999, "mucin": -9999, "winddir300": 345.0, "mulcl": 6925.4, "sblcl": 2836.09, "mixratio700": 0.13, "temp250": -50.5, "sfc_td": 29.84, "sfcrh": 20.95, "height500": 5780.0, "dewpoint700": -42.8, "lapserate85": 6.11, "dcape": 749.96, "sbli": 7.91, "dewpoint925": -1.8, "mixratio500": 0.73, "convtemp": 36.8, "height700": 3130.0, "winddir850": 360.0, "mlli": 3.86, "mulfc": -999.0, "stp_fix": 0.0, "winddir925": 360.0, "fosberg": 20.35, "scpeff": 0.0, "mixratiosfc850": 3.31, "shear06": 44.3, "sbcin": -9999, "wbzheight": 4898.72, "mllfc": -999.0, "height250": 10680.0, "sbcape": 0, "windspd300": 67.0, "sfc_t": 71.24000000000001, "temp925": 21.2}, "200430/1200": {"temp300": -39.1, "shear06": 42.4, "mixratio03km": 2.71, "lapserate75": 6.47, "windspd850": 10.0, "winddir700": 310.0, "temp250": -48.7, "winddir250": 340.0, "mlcape": 0, "sfc_vwnd": 3.8599999999999999, "sfc_uwnd": -1.04, "shear01": 15.6, "srh01": 145.53, "eff_srh": 0.0, "srh03": 197.56, "windspd250": 54.0, "ship": 0.0, "windspd500": 36.0, "winddir500": 340.0, "mllcl": 2345.96, "mucape": 0, "height300": 9520.0, "meltinglvl": 10032.04, "mixratio925": 3.8, "pw": 0.44, "mlcin": -9999, "temp500": -12.3, "height850": 1526.0, "mlcape03": 0.0, "dewpoint850": -6.4, "stp_eff": 0.0, "sblfc": -999.0, "lapserate36": 5.68, "windspd700": 23.0, "temp850": 12.6, "dewpoint500": -24.3, "fosberg": 4.07, "mulfc": -999.0, "mixratio850": 2.8, "muli": 2.26, "lapserate03": 2.95, "sbli": 16.57, "mucin": -9999, "shear03": 28.0, "winddir300": 330.0, "sfc_td": 32.0, "mulcl": 4879.38, "sblcl": 1156.45, "mixratio700": 2.48, "height250": 10740.0, "dewpoint700": -10.4, "height500": 5790.0, "lapserate85": 5.91, "dcape": 359.67, "mixratio01km": 3.88, "dewpoint925": -1.2, "mixratio500": 1.07, "convtemp": -9999.0, "height700": 3141.0, "winddir850": 230.0, "windspd300": 50.0, "sfc_t": 48.2, "stp_fix": 0.0, "winddir925": 170.0, "sfcwindspd": 4.0, "scpeff": 0.0, "mixratiosfc850": 3.61, "temp700": 4.6, "sbcin": -9999, "wbzheight": 6539.89, "mllfc": -999.0, "windspd925": 4.99, "sbcape": 0, "mlli": 2.26, "sfcrh": 52.92, "temp925": 11.8}}