{"info": {"Latitude": 29.36, "Identifier": "DRT", "Elevation(m)": 313.0, "Longitude": -100.91}, "200606/1200": {"temp300": -33.1, "shear06": 22.5, "mixratio03km": 9.82, "lapserate75": 5.12, "windspd850": 14.01, "winddir700": 105.0, "temp250": -40.5, "winddir250": 300.0, "mlcape": 234, "sfc_vwnd": 3.4399999999999999, "sfc_uwnd": -4.9100000000000001, "shear01": 13.7, "srh01": -91.52, "eff_srh": -85.36, "srh03": -51.43, "windspd250": 33.99, "ship": 0.0, "windspd500": 18.01, "winddir500": 15.0, "mllcl": 1055.71, "mucape": 639, "height300": 9730.0, "meltinglvl": 17598.82, "mixratio925": 12.36, "pw": 1.3, "mlcin": -234, "temp500": -1.3, "height850": 1515.0, "mlcape03": 0.0, "dewpoint850": 15.9, "stp_eff": -0.0, "sblfc": 6694.65, "lapserate36": 5.47, "windspd700": 16.01, "temp850": 18.0, "dewpoint500": -41.3, "fosberg": 3.49, "mulfc": 5946.48, "mixratio850": 13.55, "muli": 1.78, "lapserate03": 5.22, "sbli": 2.37, "mucin": -55, "shear03": 8.8, "winddir300": 360.0, "sfc_td": 69.62, "mulcl": 1250.75, "sblcl": 451.05, "mixratio700": 2.08, "height250": 10990.0, "dewpoint700": -12.6, "height500": 5900.0, "lapserate85": 4.93, "dcape": 938.27, "mixratio01km": 14.02, "dewpoint925": 15.8, "mixratio500": 0.21, "convtemp": 33.4, "height700": 3159.0, "winddir850": 145.0, "windspd300": 21.0, "sfc_t": 75.92, "stp_fix": 0.0, "winddir925": 150.0, "sfcwindspd": 6.0, "scpeff": -0.64, "mixratiosfc850": 14.21, "temp700": 12.4, "sbcin": -177, "wbzheight": 10646.73, "mllfc": 7019.62, "windspd925": 24.01, "sbcape": 421, "mlli": 1.78, "sfcrh": 80.36, "temp925": 22.8}, "200606/0000": {"sfc_vwnd": 7.07, "sfc_uwnd": -8.43, "mixratio03km": 9.39, "lapserate75": 6.22, "windspd850": 15.0, "winddir700": 95.0, "lapserate36": 6.44, "winddir250": 315.0, "mlcape": 418, "windspd300": 37.01, "srh01": -21.28, "eff_srh": -25.72, "srh03": 45.69, "windspd250": 38.0, "shear06": 36.9, "temp300": -32.5, "windspd500": 31.0, "winddir500": 15.0, "lapserate03": 8.17, "height300": 9740.0, "meltinglvl": 16011.75, "mixratio925": 12.2, "pw": 1.35, "mulcl": 2265.9, "temp500": -2.9, "height850": 1520.0, "sbli": -0.32, "mlcape03": 0.0, "dewpoint850": 13.8, "stp_eff": -0.0, "shear01": 4.3, "temp925": 29.6, "shear03": 12.9, "temp850": 22.8, "dewpoint500": -39.9, "mucape": 839, "temp700": 13.6, "sblfc": 3408.16, "muli": -0.32, "mllcl": 2256.66, "mlcin": -104, "mucin": -49, "winddir300": 335.0, "ship": 0.06, "sblcl": 2265.9, "mixratio700": 3.14, "height250": 11000.0, "sfc_td": 62.96, "windspd700": 8.99, "height500": 5910.0, "dewpoint700": -7.4, "lapserate85": 6.32, "dcape": 1095.67, "mixratio01km": 12.04, "dewpoint925": 15.6, "mixratio500": 0.24, "convtemp": 40.2, "height700": 3177.0, "stp_fix": 0.0, "winddir850": 120.0, "mlli": -0.32, "mulfc": 3408.16, "temp250": -40.5, "winddir925": 125.0, "fosberg": 14.28, "scpeff": -0.4, "mixratiosfc850": 12.04, "mixratio850": 11.8, "sbcin": -49, "wbzheight": 12589.58, "mllfc": 5581.19, "windspd925": 15.0, "sbcape": 839, "sfcwindspd": 10.99, "sfc_t": 95.36000000000001, "sfcrh": 33.13}}