{"info": {"Latitude": 42.7, "Identifier": "DTX", "Elevation(m)": 329.0, "Longitude": -83.46}, "200430/0000": {"sfc_vwnd": 10.83, "sfc_uwnd": -1.91, "mixratio03km": 7.04, "lapserate75": 6.83, "windspd850": 27.0, "winddir700": 190.0, "lapserate36": 6.79, "winddir250": 210.0, "mlcape": 106, "mixratio850": 7.24, "srh01": 106.13, "eff_srh": 94.09, "srh03": 215.53, "windspd250": 104.0, "winddir500": 215.0, "sfcwindspd": 10.99, "windspd500": 48.0, "temp300": -41.9, "mllcl": 921.63, "height300": 9200.0, "meltinglvl": 8173.49, "windspd925": 27.0, "mixratio925": 8.51, "pw": 0.99, "temp500": -17.9, "height850": 1361.0, "mlcape03": 40.87, "dewpoint850": 6.6, "stp_eff": 0.04, "shear01": 16.8, "shear03": 36.9, "ship": 0.0, "temp850": 10.0, "dewpoint500": -23.9, "mucape": 165, "temp700": -0.7, "sblfc": 4548.0, "mixratio01km": 8.55, "windspd700": 40.0, "muli": -1.73, "lapserate03": 7.23, "mlcin": -63, "mucin": -45, "winddir300": 205.0, "mulcl": 756.73, "sblcl": 756.73, "mixratio700": 5.14, "temp250": -47.1, "sfc_td": 52.879999999999995, "sfcrh": 67.4, "height500": 5560.0, "dewpoint700": -0.9, "lapserate85": 6.9, "dcape": 435.4, "sbli": -1.73, "dewpoint925": 10.2, "mixratio500": 1.11, "convtemp": 21.6, "height700": 2944.0, "winddir850": 185.0, "mlli": -1.73, "mulfc": 4548.0, "stp_fix": 0.1, "winddir925": 175.0, "fosberg": 8.76, "scpeff": 0.31, "mixratiosfc850": 8.34, "shear06": 52.5, "sbcin": -45, "wbzheight": 8091.2, "mllfc": 4758.88, "height250": 10410.0, "sbcape": 165, "windspd300": 90.0, "sfc_t": 63.68000000000001, "temp925": 14.8}, "200430/1200": {"temp300": -38.5, "shear06": 20.9, "mixratio03km": 5.15, "lapserate75": 7.17, "windspd850": 18.01, "winddir700": 180.0, "temp250": -42.1, "winddir250": 195.0, "mlcape": 9, "sfc_vwnd": 2.5699999999999998, "sfc_uwnd": -3.0600000000000001, "shear01": 14.9, "srh01": 67.56, "eff_srh": 0.0, "srh03": 61.38, "windspd250": 41.01, "ship": 0.0, "windspd500": 25.99, "winddir500": 180.0, "mllcl": 652.35, "mucape": 45, "height300": 9060.0, "meltinglvl": 5051.23, "mixratio925": 7.08, "pw": 0.73, "mlcin": -76, "temp500": -23.7, "height850": 1342.0, "mlcape03": 8.75, "dewpoint850": 2.2, "stp_eff": 0.0, "sblfc": 3893.9, "lapserate36": 7.22, "windspd700": 31.0, "temp850": 3.8, "dewpoint500": -28.7, "fosberg": 1.14, "mulfc": 3764.91, "mixratio850": 5.3, "muli": -0.46, "lapserate03": 6.49, "sbli": 0.01, "mucin": 0, "shear03": 22.4, "winddir300": 180.0, "sfc_td": 48.379999999999995, "mulcl": 3764.91, "sblcl": 140.45, "mixratio700": 3.5, "height250": 10300.0, "dewpoint700": -6.0, "height500": 5440.0, "lapserate85": 6.9, "dcape": 66.09, "mixratio01km": 6.67, "dewpoint925": 7.5, "mixratio500": 0.72, "convtemp": 14.2, "height700": 2892.0, "winddir850": 170.0, "windspd300": 54.99, "sfc_t": 50.36, "stp_fix": 0.0, "winddir925": 165.0, "sfcwindspd": 4.0, "scpeff": 0.0, "mixratiosfc850": 6.37, "temp700": -5.9, "sbcin": -8, "wbzheight": 4774.58, "mllfc": 1205.06, "windspd925": 15.0, "sbcape": 64, "mlli": -0.46, "sfcrh": 92.79, "temp925": 7.8}}