{"info": {"Latitude": 31.86, "Identifier": "EPZ", "Elevation(m)": 1252.0, "Longitude": -106.7}, "200430/0000": {"sfc_vwnd": 8.49, "sfc_uwnd": -8.49, "mixratio03km": -9999.0, "lapserate75": 7.34, "windspd850": 13.51, "winddir700": 315.0, "lapserate36": 7.51, "winddir250": 310.0, "mlcape": 0, "mixratio850": 4.65, "srh01": -26.14, "eff_srh": 0.0, "srh03": 99.28, "windspd250": 25.99, "winddir500": 355.0, "sfcwindspd": 12.0, "windspd500": 16.01, "temp300": -39.5, "mllcl": 3232.98, "height300": 9620.0, "meltinglvl": 10999.79, "windspd925": -999.0, "mixratio925": 0.0, "pw": 0.43, "temp500": -9.1, "height850": 1544.0, "mlcape03": 47.02, "dewpoint850": 0.4, "stp_eff": 0.0, "shear01": 4.8, "shear03": 28.4, "ship": 0.0, "temp850": 23.4, "dewpoint500": -30.1, "mucape": 0, "temp700": 10.4, "sblfc": -999.0, "mixratio01km": -9999.0, "windspd700": 10.99, "muli": 4.1, "lapserate03": 8.49, "mlcin": -9999, "mucin": -9999, "winddir300": 320.0, "mulcl": 3451.31, "sblcl": 3451.31, "mixratio700": 2.44, "temp250": -49.5, "sfc_td": 31.64, "sfcrh": 15.53, "height500": 5890.0, "dewpoint700": -10.6, "lapserate85": 7.65, "dcape": 1055.13, "sbli": 4.1, "dewpoint925": -999.0, "mixratio500": 0.63, "convtemp": 35.8, "height700": 3190.0, "winddir850": 127.46, "mlli": 4.1, "mulfc": -999.0, "stp_fix": 0.0, "winddir925": -999.0, "fosberg": 18.82, "scpeff": 0.0, "mixratiosfc850": 4.42, "shear06": 31.8, "sbcin": -9999, "wbzheight": 6753.73, "mllfc": -999.0, "height250": 10840.0, "sbcape": 0, "windspd300": 22.01, "sfc_t": 82.03999999999999, "temp925": -999.0}, "200430/1200": {"temp300": -36.7, "shear06": 26.9, "mixratio03km": -9999.0, "lapserate75": 7.67, "windspd850": 22.01, "winddir700": 330.0, "temp250": -47.3, "winddir250": 5.0, "mlcape": 0, "sfc_vwnd": 5.1600000000000001, "sfc_uwnd": -7.3700000000000001, "shear01": 8.1, "srh01": 89.25, "eff_srh": 0.0, "srh03": 182.05, "windspd250": 31.0, "ship": 0.0, "windspd500": 14.01, "winddir500": 300.0, "mllcl": 2757.86, "mucape": 0, "height300": 9620.0, "meltinglvl": 10443.1, "mixratio925": 0.0, "pw": 0.56, "mlcin": -9999, "temp500": -9.1, "height850": 1540.0, "mlcape03": 0.0, "dewpoint850": 0.0, "stp_eff": 0.0, "sblfc": -999.0, "lapserate36": 7.06, "windspd700": 6.0, "temp850": 20.0, "dewpoint500": -31.1, "fosberg": 12.49, "mulfc": -999.0, "mixratio850": 4.52, "muli": 2.61, "lapserate03": 5.33, "sbli": 11.32, "mucin": -9999, "shear03": 20.1, "winddir300": 355.0, "sfc_td": 27.68, "mulcl": 3069.93, "sblcl": 2538.04, "mixratio700": 3.78, "height250": 10850.0, "dewpoint700": -5.0, "height500": 5880.0, "lapserate85": 6.87, "dcape": 1182.64, "mixratio01km": -9999.0, "dewpoint925": -999.0, "mixratio500": 0.57, "convtemp": 35.6, "height700": 3186.0, "winddir850": 140.0, "windspd300": 25.0, "sfc_t": 63.68000000000001, "stp_fix": 0.0, "winddir925": -999.0, "sfcwindspd": 8.99, "scpeff": 0.0, "mixratiosfc850": 4.11, "temp700": 11.0, "sbcin": -9999, "wbzheight": 8306.55, "mllfc": -999.0, "windspd925": -999.0, "sbcape": 0, "mlli": 2.61, "sfcrh": 25.02, "temp925": -999.0}}