{"info": {"Latitude": 44.5, "Identifier": "GRB", "Elevation(m)": 214.0, "Longitude": -88.11}, "200430/0000": {"sfc_vwnd": -12.22, "sfc_uwnd": -4.45, "mixratio03km": 4.15, "lapserate75": 5.55, "windspd850": 44.0, "winddir700": 30.0, "lapserate36": 5.81, "winddir250": 115.0, "mlcape": 0, "mixratio850": 3.96, "srh01": 161.61, "eff_srh": 0.0, "srh03": 230.11, "windspd250": 12.0, "winddir500": 10.0, "sfcwindspd": 13.0, "windspd500": 20.01, "temp300": -44.5, "mllcl": 631.81, "height300": 9140.0, "meltinglvl": 3281.22, "windspd925": 39.01, "mixratio925": 4.66, "pw": 0.73, "temp500": -17.1, "height850": 1369.0, "mlcape03": 0.0, "dewpoint850": -1.8, "stp_eff": 0.0, "shear01": 29.0, "shear03": 35.1, "ship": 0.0, "temp850": -0.5, "dewpoint500": -20.5, "mucape": 0, "temp700": -3.1, "sblfc": 210.27, "mixratio01km": 4.8, "windspd700": 48.0, "muli": 3.36, "lapserate03": 4.23, "mlcin": -9999, "mucin": -9999, "winddir300": 30.0, "mulcl": 4462.58, "sblcl": 210.27, "mixratio700": 3.9, "temp250": -48.5, "sfc_td": 42.620000000000005, "sfcrh": 88.86, "height500": 5510.0, "dewpoint700": -4.6, "lapserate85": 4.11, "dcape": -14.92, "sbli": 12.88, "dewpoint925": 1.6, "mixratio500": 1.5, "convtemp": 28.6, "height700": 2914.0, "winddir850": 15.0, "mlli": 3.36, "mulfc": -999.0, "stp_fix": 0.0, "winddir925": 10.0, "fosberg": 4.43, "scpeff": 0.0, "mixratiosfc850": 4.56, "shear06": 3.0, "sbcin": -1126, "wbzheight": 2821.15, "mllfc": -999.0, "height250": 10340.0, "sbcape": 29, "windspd300": 10.0, "sfc_t": 45.68, "temp925": 3.2}, "200430/1200": {"temp300": -41.5, "shear06": 36.6, "mixratio03km": 3.04, "lapserate75": 6.23, "windspd850": 48.0, "winddir700": 25.0, "temp250": -44.1, "winddir250": 5.0, "mlcape": 0, "sfc_vwnd": -7.7300000000000004, "sfc_uwnd": 2.0699999999999998, "shear01": 41.7, "srh01": 218.02, "eff_srh": 0.0, "srh03": 199.75, "windspd250": 58.99, "ship": 0.0, "windspd500": 48.0, "winddir500": 10.0, "mllcl": 1013.19, "mucape": 0, "height300": 9080.0, "meltinglvl": 3725.68, "mixratio925": 3.64, "pw": 0.55, "mlcin": -9999, "temp500": -20.5, "height850": 1380.0, "mlcape03": 0.0, "dewpoint850": -2.6, "stp_eff": 0.0, "sblfc": -999.0, "lapserate36": 6.3, "windspd700": 47.01, "temp850": -0.1, "dewpoint500": -23.3, "fosberg": 5.08, "mulfc": -999.0, "mixratio850": 3.73, "muli": 3.36, "lapserate03": 4.55, "sbli": 13.01, "mucin": -9999, "shear03": 41.4, "winddir300": 355.0, "sfc_td": 36.14, "mulcl": 2870.66, "sblcl": 511.49, "mixratio700": 3.45, "height250": 10320.0, "dewpoint700": -6.2, "height500": 5490.0, "lapserate85": 5.07, "dcape": 7.28, "mixratio01km": 3.75, "dewpoint925": -1.8, "mixratio500": 1.17, "convtemp": 26.4, "height700": 2923.0, "winddir850": 30.0, "windspd300": 75.0, "sfc_t": 43.52, "stp_fix": 0.0, "winddir925": 5.0, "sfcwindspd": 8.0, "scpeff": 0.0, "mixratiosfc850": 3.75, "temp700": -4.9, "sbcin": -9999, "wbzheight": 2410.01, "mllfc": -999.0, "windspd925": 40.0, "sbcape": 0, "mlli": 3.36, "sfcrh": 74.83, "temp925": 2.8}}