{"info": {"Latitude": 38.98, "Identifier": "IAD", "Elevation(m)": 93.0, "Longitude": -77.46}, "200430/0000": {"sfc_vwnd": 3.62, "sfc_uwnd": -13.52, "mixratio03km": 7.43, "lapserate75": 5.22, "windspd850": 37.01, "winddir700": 195.0, "lapserate36": 5.29, "winddir250": 240.0, "mlcape": 9, "mixratio850": 7.92, "srh01": 287.63, "eff_srh": 0.0, "srh03": 367.36, "windspd250": 63.0, "winddir500": 225.0, "sfcwindspd": 14.01, "windspd500": 38.0, "temp300": -37.5, "mllcl": 1336.9, "height300": 9420.0, "meltinglvl": 11416.99, "windspd925": 33.0, "mixratio925": 8.28, "pw": 1.18, "temp500": -12.7, "height850": 1488.0, "mlcape03": 1.74, "dewpoint850": 7.9, "stp_eff": 0.0, "shear01": 31.8, "shear03": 41.9, "ship": 0.0, "temp850": 10.8, "dewpoint500": -14.7, "mucape": 11, "temp700": 0.6, "sblfc": 4306.05, "mixratio01km": 8.69, "windspd700": 39.01, "muli": 2.97, "lapserate03": 7.05, "mlcin": -117, "mucin": -159, "winddir300": 235.0, "mulcl": 1026.83, "sblcl": 1009.96, "mixratio700": 5.03, "temp250": -47.5, "sfc_td": 55.040000000000006, "sfcrh": 59.56, "height500": 5710.0, "dewpoint700": -1.2, "lapserate85": 5.8, "dcape": 427.16, "sbli": 3.11, "dewpoint925": 9.8, "mixratio500": 2.45, "convtemp": 25.8, "height700": 3079.0, "winddir850": 170.0, "mlli": 2.97, "mulfc": 4239.75, "stp_fix": 0.01, "winddir925": 150.0, "fosberg": 12.8, "scpeff": 0.0, "mixratiosfc850": 8.58, "shear06": 43.8, "sbcin": -176, "wbzheight": 9600.59, "mllfc": 4306.05, "height250": 10650.0, "sbcape": 6, "windspd300": 62.01, "sfc_t": 69.44, "temp925": 16.8}, "200430/1200": {"temp300": -39.1, "shear06": 60.9, "mixratio03km": 7.65, "lapserate75": 5.14, "windspd850": 64.01, "winddir700": 200.0, "temp250": -46.7, "winddir250": 225.0, "mlcape": 0, "sfc_vwnd": 9.1899999999999995, "sfc_uwnd": -7.71, "shear01": 51.4, "srh01": 557.41, "eff_srh": 0.0, "srh03": 679.42, "windspd250": 96.0, "ship": 0.0, "windspd500": 62.01, "winddir500": 200.0, "mllcl": 717.6, "mucape": 0, "height300": 9380.0, "meltinglvl": 10540.84, "mixratio925": 8.81, "pw": 1.36, "mlcin": -9999, "temp500": -11.9, "height850": 1432.0, "mlcape03": 0.0, "dewpoint850": 7.7, "stp_eff": 0.0, "sblfc": -999.0, "lapserate36": 5.42, "windspd700": 64.01, "temp850": 8.8, "dewpoint500": -13.1, "fosberg": 5.37, "mulfc": -999.0, "mixratio850": 7.81, "muli": 1.37, "lapserate03": 5.44, "sbli": 5.34, "mucin": -9999, "shear03": 56.8, "winddir300": 210.0, "sfc_td": 57.019999999999996, "mulcl": 4883.2, "sblcl": 316.65, "mixratio700": 5.74, "height250": 10610.0, "dewpoint700": 0.6, "height500": 5670.0, "lapserate85": 5.09, "dcape": -19.47, "mixratio01km": 9.17, "dewpoint925": 10.7, "mixratio500": 2.8, "convtemp": 25.4, "height700": 3023.0, "winddir850": 180.0, "windspd300": 85.01, "sfc_t": 61.519999999999996, "stp_fix": 0.0, "winddir925": 155.0, "sfcwindspd": 12.0, "scpeff": 0.0, "mixratiosfc850": 8.99, "temp700": 1.2, "sbcin": -9999, "wbzheight": 10394.97, "mllfc": -999.0, "windspd925": 49.01, "sbcape": 0, "mlli": 1.37, "sfcrh": 84.9, "temp925": 12.6}}