{"info": {"Latitude": 39.41, "Identifier": "ILN", "Elevation(m)": 317.0, "Longitude": -83.81}, "200430/0000": {"sfc_vwnd": 6.76, "sfc_uwnd": -14.5, "mixratio03km": 3.38, "lapserate75": 5.23, "windspd850": 25.99, "winddir700": 235.0, "lapserate36": 5.64, "winddir250": 215.0, "mlcape": 0, "mixratio850": 3.21, "srh01": 223.28, "eff_srh": 0.0, "srh03": 194.04, "windspd250": 116.01, "winddir500": 200.0, "sfcwindspd": 16.01, "windspd500": 65.0, "temp300": -39.1, "mllcl": 1993.05, "height300": 9220.0, "meltinglvl": 7543.78, "windspd925": 25.99, "mixratio925": 4.66, "pw": 0.62, "temp500": -16.9, "height850": 1385.0, "mlcape03": 0.0, "dewpoint850": -4.6, "stp_eff": 0.0, "shear01": 33.0, "shear03": 45.7, "ship": 0.0, "temp850": 10.4, "dewpoint500": -19.6, "mucape": 0, "temp700": -3.5, "sblfc": -999.0, "mixratio01km": 4.58, "windspd700": 47.01, "muli": 1.13, "lapserate03": 5.53, "mlcin": -9999, "mucin": -9999, "winddir300": 205.0, "mulcl": 4852.32, "sblcl": 217.24, "mixratio700": 2.67, "temp250": -46.7, "sfc_td": 49.46, "sfcrh": 89.14, "height500": 5560.0, "dewpoint700": -9.5, "lapserate85": 6.61, "dcape": 440.67, "sbli": 5.67, "dewpoint925": 1.6, "mixratio500": 1.62, "convtemp": 29.4, "height700": 2962.0, "winddir850": 215.0, "mlli": 1.13, "mulfc": -999.0, "stp_fix": 0.0, "winddir925": 165.0, "fosberg": 5.49, "scpeff": 0.0, "mixratiosfc850": 4.42, "shear06": 50.3, "sbcin": -9999, "wbzheight": 5548.91, "mllfc": -999.0, "height250": 10450.0, "sbcape": 0, "windspd300": 102.0, "sfc_t": 52.519999999999996, "temp925": 13.6}, "200430/1200": {"temp300": -39.9, "shear06": 16.8, "mixratio03km": 4.36, "lapserate75": 3.76, "windspd850": 25.99, "winddir700": 220.0, "temp250": -45.7, "winddir250": 210.0, "mlcape": 0, "sfc_vwnd": 4.9500000000000002, "sfc_uwnd": 4.9500000000000002, "shear01": 19.3, "srh01": 82.24, "eff_srh": 0.0, "srh03": 84.8, "windspd250": 61.0, "ship": 0.0, "windspd500": 25.99, "winddir500": 240.0, "mllcl": 551.48, "mucape": 0, "height300": 9120.0, "meltinglvl": 4392.22, "mixratio925": 5.74, "pw": 0.65, "mlcin": -9999, "temp500": -16.1, "height850": 1356.0, "mlcape03": 0.0, "dewpoint850": 0.0, "stp_eff": 0.0, "sblfc": 215.15, "lapserate36": 4.71, "windspd700": 29.0, "temp850": 1.6, "dewpoint500": -27.1, "fosberg": 2.44, "mulfc": -999.0, "mixratio850": 4.52, "muli": 4.03, "lapserate03": 6.23, "sbli": 10.1, "mucin": -9999, "shear03": 22.4, "winddir300": 205.0, "sfc_td": 45.5, "mulcl": 5158.96, "sblcl": 215.15, "mixratio700": 2.95, "height250": 10350.0, "dewpoint700": -8.2, "height500": 5490.0, "lapserate85": 4.43, "dcape": 34.85, "mixratio01km": 5.79, "dewpoint925": 4.5, "mixratio500": 0.83, "convtemp": 25.2, "height700": 2898.0, "winddir850": 240.0, "windspd300": 68.01, "sfc_t": 48.56, "stp_fix": 0.0, "winddir925": 230.0, "sfcwindspd": 6.99, "scpeff": 0.0, "mixratiosfc850": 5.43, "temp700": -6.7, "sbcin": -547, "wbzheight": 3957.27, "mllfc": -999.0, "windspd925": 21.0, "sbcape": 41, "mlli": 4.03, "sfcrh": 88.98, "temp925": 6.0}}