{"info": {"Latitude": 40.15, "Identifier": "ILX", "Elevation(m)": 178.0, "Longitude": -89.33}, "200430/0000": {"temp300": -43.9, "shear06": 32.7, "mixratio03km": 4.63, "lapserate75": 5.87, "windspd850": 38.0, "winddir700": 325.0, "temp250": -44.7, "winddir250": 330.0, "mlcape": 3, "sfc_vwnd": -9.8300000000000001, "sfc_uwnd": 6.8799999999999999, "shear01": 25.1, "srh01": 68.67, "eff_srh": 0.0, "srh03": 103.77, "windspd250": 23.0, "ship": 0.0, "windspd500": 38.0, "winddir500": 5.0, "mllcl": 587.29, "mucape": 0, "height300": 9110.0, "meltinglvl": 4861.76, "mixratio925": 5.9, "pw": 0.8, "mlcin": -482, "temp500": -18.7, "height850": 1371.0, "mlcape03": 81.55, "dewpoint850": 0.1, "stp_eff": 0.0, "sblfc": 118.42, "lapserate36": 6.33, "windspd700": 37.01, "temp850": 2.2, "dewpoint500": -22.0, "fosberg": 2.37, "mulfc": -999.0, "mixratio850": 4.55, "muli": 1.22, "lapserate03": 5.43, "sbli": 5.92, "mucin": -9999, "shear03": 27.5, "winddir300": 350.0, "sfc_td": 49.64, "mulcl": 4702.74, "sblcl": 75.78, "mixratio700": 3.64, "height250": 10330.0, "dewpoint700": -5.5, "height500": 5510.0, "lapserate85": 5.18, "dcape": 51.04, "mixratio01km": 6.26, "dewpoint925": 4.9, "mixratio500": 1.32, "convtemp": 22.4, "height700": 2921.0, "winddir850": 345.0, "windspd300": 17.0, "sfc_t": 50.72, "stp_fix": 0.02, "winddir925": 345.0, "sfcwindspd": 12.0, "scpeff": 0.0, "mixratiosfc850": 5.93, "temp700": -3.9, "sbcin": -292, "wbzheight": 4594.79, "mllfc": 1193.0, "windspd925": 33.99, "sbcape": 69, "mlli": 1.22, "sfcrh": 96.01, "temp925": 6.4}}