{"info": {"Latitude": 48.56, "Identifier": "INL", "Elevation(m)": 357.0, "Longitude": -93.4}, "200430/0000": {"temp300": -43.5, "shear06": 41.3, "mixratio03km": 1.8, "lapserate75": 5.68, "windspd850": 17.0, "winddir700": 350.0, "temp250": -49.3, "winddir250": 355.0, "mlcape": 0, "sfc_vwnd": -8.9700000000000006, "sfc_uwnd": -0.78000000000000003, "shear01": 8.5, "srh01": 21.46, "eff_srh": 0.0, "srh03": 62.25, "windspd250": 81.99, "ship": 0.0, "windspd500": 42.0, "winddir500": 345.0, "mllcl": 2003.44, "mucape": 0, "height300": 9200.0, "meltinglvl": 4677.06, "mixratio925": 3.08, "pw": 0.28, "mlcin": -9999, "temp500": -20.7, "height850": 1491.0, "mlcape03": 0.0, "dewpoint850": -8.4, "stp_eff": 0.0, "sblfc": -999.0, "lapserate36": 5.87, "windspd700": 27.0, "temp850": 1.6, "dewpoint500": -31.7, "fosberg": 10.65, "mulfc": -999.0, "mixratio850": 2.39, "muli": 7.54, "lapserate03": 7.26, "sbli": 9.16, "mucin": -9999, "shear03": 18.3, "winddir300": 345.0, "sfc_td": 30.2, "mulcl": 8434.95, "sblcl": 1731.29, "mixratio700": 1.19, "height250": 10410.0, "dewpoint700": -19.3, "height500": 5590.0, "lapserate85": 5.52, "dcape": 274.22, "mixratio01km": 3.16, "dewpoint925": -4.0, "mixratio500": 0.54, "convtemp": 29.0, "height700": 3034.0, "winddir850": 5.0, "windspd300": 99.01, "sfc_t": 55.400000000000006, "stp_fix": 0.0, "winddir925": 5.0, "sfcwindspd": 8.99, "scpeff": 0.0, "mixratiosfc850": 2.95, "temp700": -6.3, "sbcin": -9999, "wbzheight": 2760.82, "mllfc": -999.0, "windspd925": 14.01, "sbcape": 0, "mlli": 7.54, "sfcrh": 37.57, "temp925": 8.0}}