{"info": {"Latitude": 30.5, "Identifier": "JAX", "Elevation(m)": 9.0, "Longitude": -81.7}, "200606/1200": {"temp300": -30.9, "shear06": 16.9, "mixratio03km": 10.41, "lapserate75": 5.13, "windspd850": 10.0, "winddir700": 205.0, "temp250": -41.5, "winddir250": 250.0, "mlcape": 99, "sfc_vwnd": 0.0, "sfc_uwnd": 0.0, "shear01": 12.3, "srh01": 73.89, "eff_srh": 109.62, "srh03": 100.89, "windspd250": 50.99, "ship": 0.0, "windspd500": 10.99, "winddir500": 210.0, "mllcl": 1122.86, "mucape": 179, "height300": 9700.0, "meltinglvl": 14489.97, "mixratio925": 11.73, "pw": 1.92, "mlcin": -177, "temp500": -7.1, "height850": 1557.0, "mlcape03": 12.47, "dewpoint850": 9.6, "stp_eff": 0.0, "sblfc": 2595.09, "lapserate36": 5.11, "windspd700": 16.01, "temp850": 18.6, "dewpoint500": -8.1, "fosberg": 0.49, "mulfc": 2429.0, "mixratio850": 8.9, "muli": -0.74, "lapserate03": 5.58, "sbli": -0.01, "mucin": -191, "shear03": 17.6, "winddir300": 255.0, "sfc_td": 69.80000000000001, "mulcl": 469.17, "sblcl": 158.87, "mixratio700": 8.27, "height250": 10970.0, "dewpoint700": 5.7, "height500": 5880.0, "lapserate85": 6.15, "dcape": 284.27, "mixratio01km": 13.27, "dewpoint925": 15.0, "mixratio500": 4.17, "convtemp": 34.2, "height700": 3186.0, "winddir850": 215.0, "windspd300": 41.01, "sfc_t": 71.96000000000001, "stp_fix": 0.0, "winddir925": 215.0, "sfcwindspd": 0.0, "scpeff": 0.0, "mixratiosfc850": 11.7, "temp700": 6.0, "sbcin": -246, "wbzheight": 14446.2, "mllfc": 2595.09, "windspd925": 20.01, "sbcape": 92, "mlli": -0.74, "sfcrh": 92.74, "temp925": 22.0}, "200606/0000": {"sfc_vwnd": 0.42, "sfc_uwnd": 0.91, "mixratio03km": 10.4, "lapserate75": 5.49, "windspd850": 16.01, "winddir700": 225.0, "lapserate36": 5.6, "winddir250": 260.0, "mlcape": 151, "windspd300": 37.01, "srh01": 119.69, "eff_srh": 100.81, "srh03": 116.96, "windspd250": 52.99, "shear06": 9.8, "temp300": -31.3, "windspd500": 8.0, "winddir500": 250.0, "lapserate03": 6.61, "height300": 9700.0, "meltinglvl": 14633.51, "mixratio925": 12.2, "pw": 1.99, "mulcl": 615.35, "temp500": -6.9, "height850": 1552.0, "sbli": -3.27, "mlcape03": 1.84, "dewpoint850": 11.6, "stp_eff": 0.0, "shear01": 17.1, "temp925": 21.6, "shear03": 22.7, "temp850": 17.6, "dewpoint500": -7.7, "mucape": 947, "temp700": 7.4, "sblfc": 1543.0, "muli": -3.27, "mllcl": 1268.8, "mlcin": -66, "mucin": -44, "winddir300": 245.0, "ship": 0.02, "sblcl": 615.35, "mixratio700": 7.38, "height250": 10970.0, "sfc_td": 71.6, "windspd700": 21.0, "height500": 5890.0, "dewpoint700": 4.1, "lapserate85": 5.9, "dcape": 414.96, "mixratio01km": 13.07, "dewpoint925": 15.6, "mixratio500": 4.3, "convtemp": 32.8, "height700": 3183.0, "stp_fix": 0.0, "winddir850": 250.0, "mlli": -3.27, "mulfc": 1543.0, "temp250": -40.7, "winddir925": 240.0, "fosberg": 1.35, "scpeff": 0.0, "mixratiosfc850": 12.41, "mixratio850": 10.19, "sbcin": -44, "wbzheight": 14374.89, "mllfc": 2847.29, "windspd925": 19.0, "sbcape": 947, "sfcwindspd": 0.99, "sfc_t": 80.24000000000001, "sfcrh": 74.34}}