{"info": {"Latitude": 24.55, "Identifier": "KEY", "Elevation(m)": 13.0, "Longitude": -81.79}, "200606/1200": {"temp300": -29.1, "shear06": 20.6, "mixratio03km": 10.38, "lapserate75": 5.96, "windspd850": 33.0, "winddir700": 170.0, "temp250": -39.9, "winddir250": 255.0, "mlcape": 1036, "sfc_vwnd": 9.0099999999999998, "sfc_uwnd": -6.3099999999999996, "shear01": 23.1, "srh01": 102.17, "eff_srh": 97.99, "srh03": 162.74, "windspd250": 20.01, "ship": 0.51, "windspd500": 27.0, "winddir500": 195.0, "mllcl": 1077.45, "mucape": 3396, "height300": 9740.0, "meltinglvl": 14943.09, "mixratio925": 13.89, "pw": 1.98, "mlcin": -17, "temp500": -5.1, "height850": 1538.0, "mlcape03": 69.99, "dewpoint850": 17.0, "stp_eff": 0.0, "sblfc": 791.0, "lapserate36": 5.9, "windspd700": 39.01, "temp850": 17.6, "dewpoint500": -6.1, "fosberg": 6.13, "mulfc": 791.0, "mixratio850": 14.56, "muli": -5.87, "lapserate03": 6.55, "sbli": -5.87, "mucin": -3, "shear03": 28.3, "winddir300": 235.0, "sfc_td": 77.36, "mulcl": 436.19, "sblcl": 436.19, "mixratio700": 1.8, "height250": 11010.0, "dewpoint700": -14.4, "height500": 5900.0, "lapserate85": 5.6, "dcape": 1014.06, "mixratio01km": 16.26, "dewpoint925": 17.6, "mixratio500": 4.87, "convtemp": 31.6, "height700": 3177.0, "winddir850": 150.0, "windspd300": 20.01, "sfc_t": 83.48, "stp_fix": 0.0, "winddir925": 150.0, "sfcwindspd": 10.99, "scpeff": 4.0, "mixratiosfc850": 15.98, "temp700": 11.6, "sbcin": -3, "wbzheight": 12034.04, "mllfc": 1535.08, "windspd925": 33.0, "sbcape": 3396, "mlli": -5.87, "sfcrh": 81.29, "temp925": 23.6}, "200606/0000": {"sfc_vwnd": 3.08, "sfc_uwnd": -8.46, "mixratio03km": 12.12, "lapserate75": 5.93, "windspd850": 33.0, "winddir700": 165.0, "lapserate36": 6.17, "winddir250": 290.0, "mlcape": 2414, "windspd300": 25.0, "srh01": 131.3, "eff_srh": 187.94, "srh03": 135.53, "windspd250": 4.99, "shear06": 31.9, "temp300": -30.1, "windspd500": 33.0, "winddir500": 195.0, "lapserate03": 7.04, "height300": 9730.0, "meltinglvl": 15604.21, "mixratio925": 16.72, "pw": 2.26, "mulcl": 384.7, "temp500": -6.3, "height850": 1546.0, "sbli": -8.04, "mlcape03": 137.49, "dewpoint850": 16.3, "stp_eff": 1.6, "shear01": 19.8, "temp925": 23.2, "shear03": 20.0, "temp850": 17.8, "dewpoint500": -9.1, "mucape": 4503, "temp700": 9.4, "sblfc": 384.7, "muli": -8.04, "mllcl": 888.44, "mlcin": -5, "mucin": 0, "winddir300": 200.0, "ship": 1.35, "sblcl": 384.7, "mixratio700": 5.66, "height250": 11000.0, "sfc_td": 78.80000000000001, "windspd700": 24.01, "height500": 5890.0, "dewpoint700": 0.4, "lapserate85": 5.96, "dcape": 728.74, "mixratio01km": 17.9, "dewpoint925": 20.5, "mixratio500": 3.85, "convtemp": 31.0, "height700": 3186.0, "stp_fix": 2.09, "winddir850": 160.0, "mlli": -8.04, "mulfc": 384.7, "temp250": -40.3, "winddir925": 145.0, "fosberg": 4.66, "scpeff": 13.43, "mixratiosfc850": 17.43, "mixratio850": 13.91, "sbcin": 0, "wbzheight": 12157.02, "mllfc": 1206.0, "windspd925": 24.01, "sbcape": 4503, "sfcwindspd": 8.99, "sfc_t": 84.2, "sfcrh": 83.34}}