{"info": {"Latitude": 30.11, "Identifier": "LCH", "Elevation(m)": 10.0, "Longitude": -93.21}, "200606/1200": {"temp300": -31.9, "shear06": 16.5, "mixratio03km": 11.72, "lapserate75": 6.07, "windspd850": 18.01, "winddir700": 65.0, "temp250": -40.1, "winddir250": 315.0, "mlcape": 1073, "sfc_vwnd": -4.9199999999999999, "sfc_uwnd": 0.87, "shear01": 9.4, "srh01": 24.6, "eff_srh": 19.8, "srh03": 41.71, "windspd250": 8.99, "ship": 0.26, "windspd500": 22.01, "winddir500": 20.0, "mllcl": 807.85, "mucape": 1950, "height300": 9690.0, "meltinglvl": 15728.51, "mixratio925": 14.34, "pw": 1.69, "mlcin": -45, "temp500": -6.1, "height850": 1516.0, "mlcape03": 33.16, "dewpoint850": 12.0, "stp_eff": 0.0, "sblfc": 8179.12, "lapserate36": 5.89, "windspd700": 24.01, "temp850": 19.0, "dewpoint500": -36.1, "fosberg": 1.41, "mulfc": 1000.0, "mixratio850": 10.47, "muli": -5.13, "lapserate03": 4.99, "sbli": -1.14, "mucin": -7, "shear03": 23.1, "winddir300": 350.0, "sfc_td": 71.96000000000001, "mulcl": 505.86, "sblcl": 120.52, "mixratio700": 6.08, "height250": 10950.0, "dewpoint700": 1.4, "height500": 5870.0, "lapserate85": 6.17, "dcape": 1335.24, "mixratio01km": 16.58, "dewpoint925": 18.1, "mixratio500": 0.35, "convtemp": 32.2, "height700": 3157.0, "winddir850": 65.0, "windspd300": 2.99, "sfc_t": 73.75999999999999, "stp_fix": 0.0, "winddir925": 45.0, "sfcwindspd": 4.99, "scpeff": 0.0, "mixratiosfc850": 14.92, "temp700": 9.4, "sbcin": -221, "wbzheight": 13268.16, "mllfc": 2024.47, "windspd925": 8.99, "sbcape": 244, "mlli": -5.13, "sfcrh": 93.95, "temp925": 23.0}, "200606/0000": {"sfc_vwnd": 1.04, "sfc_uwnd": -5.91, "mixratio03km": 10.61, "lapserate75": 6.18, "windspd850": 10.99, "winddir700": 65.0, "lapserate36": 6.23, "winddir250": 190.0, "mlcape": 1060, "windspd300": 12.0, "srh01": -10.95, "eff_srh": -10.41, "srh03": 52.07, "windspd250": 10.99, "shear06": 9.0, "temp300": -32.5, "windspd500": 12.0, "winddir500": 50.0, "lapserate03": 7.57, "height300": 9700.0, "meltinglvl": 15590.42, "mixratio925": 15.0, "pw": 1.59, "mulcl": 1393.39, "temp500": -5.7, "height850": 1533.0, "sbli": -3.51, "mlcape03": 7.43, "dewpoint850": 13.0, "stp_eff": -0.0, "shear01": 2.8, "temp925": 23.8, "shear03": 16.8, "temp850": 18.0, "dewpoint500": -30.7, "mucape": 1606, "temp700": 10.6, "sblfc": 1393.39, "muli": -3.51, "mllcl": 1433.69, "mlcin": -8, "mucin": 0, "winddir300": 360.0, "ship": 0.1, "sblcl": 1393.39, "mixratio700": 3.4, "height250": 10960.0, "sfc_td": 69.80000000000001, "windspd700": 21.0, "height500": 5890.0, "dewpoint700": -6.4, "lapserate85": 5.87, "dcape": 1202.9, "mixratio01km": 14.83, "dewpoint925": 18.8, "mixratio500": 0.59, "convtemp": 33.0, "height700": 3175.0, "stp_fix": 0.0, "winddir850": 90.0, "mlli": -3.51, "mulfc": 1393.39, "temp250": -42.3, "winddir925": 145.0, "fosberg": 6.27, "scpeff": -0.0, "mixratiosfc850": 14.53, "mixratio850": 11.19, "sbcin": 0, "wbzheight": 12084.44, "mllfc": 2595.16, "windspd925": 6.0, "sbcape": 1606, "sfcwindspd": 6.0, "sfc_t": 89.6, "sfcrh": 51.06}}