{"info": {"Latitude": 40.86, "Identifier": "LKN", "Elevation(m)": 1608.0, "Longitude": -115.73}, "200430/0000": {"sfc_vwnd": 6.36, "sfc_uwnd": 6.36, "mixratio03km": -9999.0, "lapserate75": 9.15, "windspd850": -999.0, "winddir700": 265.0, "lapserate36": 7.99, "winddir250": 240.0, "mlcape": 264, "mixratio850": 0.0, "srh01": -25.62, "eff_srh": -10.9, "srh03": 44.84, "windspd250": 58.99, "winddir500": 215.0, "sfcwindspd": 8.99, "windspd500": 29.99, "temp300": -36.1, "mllcl": 3172.52, "height300": 9550.0, "meltinglvl": 9300.04, "windspd925": -999.0, "mixratio925": 0.0, "pw": 0.61, "temp500": -12.1, "height850": 1477.0, "mlcape03": 6.12, "dewpoint850": -999.0, "stp_eff": -0.0, "shear01": 12.3, "shear03": 7.5, "ship": 0.02, "temp850": -999.0, "dewpoint500": -13.5, "mucape": 399, "temp700": 12.2, "sblfc": 3303.29, "mixratio01km": -9999.0, "windspd700": 10.0, "muli": -2.75, "lapserate03": 9.96, "mlcin": -9, "mucin": 0, "winddir300": 230.0, "mulcl": 3107.9, "sblcl": 3303.29, "mixratio700": 4.46, "temp250": -45.9, "sfc_td": 34.16, "sfcrh": 16.75, "height500": 5840.0, "dewpoint700": -2.8, "lapserate85": -9999.0, "dcape": 1381.36, "sbli": -2.26, "dewpoint925": -999.0, "mixratio500": 2.71, "convtemp": 28.2, "height700": 3147.0, "winddir850": -999.0, "mlli": -2.75, "mulfc": 3177.35, "stp_fix": 0.0, "winddir925": -999.0, "fosberg": 14.02, "scpeff": -0.0, "mixratiosfc850": -9999.0, "shear06": 33.0, "sbcin": 0, "wbzheight": 7653.29, "mllfc": 3379.8, "height250": 10790.0, "sbcape": 305, "windspd300": 49.01, "sfc_t": 82.75999999999999, "temp925": -999.0}, "200430/1200": {"temp300": -39.9, "shear06": 34.3, "mixratio03km": -9999.0, "lapserate75": 6.29, "windspd850": -999.0, "winddir700": 240.0, "temp250": -49.5, "winddir250": 230.0, "mlcape": 0, "sfc_vwnd": 4.5300000000000002, "sfc_uwnd": 2.1099999999999999, "shear01": 27.7, "srh01": 37.36, "eff_srh": 0.0, "srh03": 20.25, "windspd250": 75.0, "ship": 0.0, "windspd500": 36.0, "winddir500": 200.0, "mllcl": 1518.76, "mucape": 100, "height300": 9470.0, "meltinglvl": 6562.16, "mixratio925": 0.0, "pw": 0.74, "mlcin": -9999, "temp500": -12.9, "height850": 1503.0, "mlcape03": 6.18, "dewpoint850": -999.0, "stp_eff": 0.0, "sblfc": 3541.02, "lapserate36": 7.06, "windspd700": 29.99, "temp850": -999.0, "dewpoint500": -16.3, "fosberg": 3.48, "mulfc": 3541.02, "mixratio850": 0.0, "muli": -0.59, "lapserate03": 6.58, "sbli": -0.59, "mucin": -96, "shear03": 14.6, "winddir300": 225.0, "sfc_td": 48.379999999999995, "mulcl": 568.58, "sblcl": 568.58, "mixratio700": 5.29, "height250": 10680.0, "dewpoint700": -0.5, "height500": 5770.0, "lapserate85": -9999.0, "dcape": 221.14, "mixratio01km": -9999.0, "dewpoint925": -999.0, "mixratio500": 2.15, "convtemp": 20.6, "height700": 3122.0, "winddir850": -999.0, "windspd300": 54.99, "sfc_t": 56.480000000000004, "stp_fix": 0.01, "winddir925": -999.0, "sfcwindspd": 4.99, "scpeff": 0.0, "mixratiosfc850": -9999.0, "temp700": 3.2, "sbcin": -96, "wbzheight": 5851.44, "mllfc": -999.0, "windspd925": -999.0, "sbcape": 100, "mlli": -0.59, "sfcrh": 73.85, "temp925": -999.0}}