{"info": {"Latitude": 36.62, "Identifier": "LMN", "Elevation(m)": 317.0, "Longitude": -97.48}, "200401/1200": {"temp300": -38.9, "shear06": 59.3, "mixratio03km": 3.21, "lapserate75": 6.35, "windspd850": 12.0, "winddir700": 270.0, "temp250": -49.1, "winddir250": 270.0, "mlcape": 0, "sfc_vwnd": 5.6600000000000001, "sfc_uwnd": -5.6600000000000001, "shear01": 11.5, "srh01": 92.32, "eff_srh": 0.0, "srh03": 153.42, "windspd250": 81.99, "ship": 0.0, "windspd500": 49.01, "winddir500": 280.0, "mllcl": 1628.27, "mucape": 0, "height300": 9370.0, "meltinglvl": 10062.17, "mixratio925": 6.29, "pw": 0.58, "mlcin": -9999, "temp500": -13.5, "height850": 1475.0, "mlcape03": 0.0, "dewpoint850": -16.6, "stp_eff": 0.0, "sblfc": -999.0, "lapserate36": 6.39, "windspd700": 19.0, "temp850": 12.4, "dewpoint500": -37.5, "fosberg": 2.77, "mulfc": -999.0, "mixratio850": 1.23, "muli": 5.82, "lapserate03": 2.91, "sbli": 14.52, "mucin": -9999, "shear03": 24.7, "winddir300": 270.0, "sfc_td": 44.42, "mulcl": 4944.1, "sblcl": 217.81, "mixratio700": 2.15, "height250": 10590.0, "dewpoint700": -12.2, "height500": 5690.0, "lapserate85": 6.18, "dcape": 230.7, "mixratio01km": 6.22, "dewpoint925": 5.8, "mixratio500": 0.31, "convtemp": 31.6, "height700": 3074.0, "winddir850": 165.0, "windspd300": 68.01, "sfc_t": 47.480000000000004, "stp_fix": 0.0, "winddir925": 185.0, "sfcwindspd": 8.0, "scpeff": 0.0, "mixratiosfc850": 4.35, "temp700": 2.8, "sbcin": -9999, "wbzheight": 7269.71, "mllfc": -999.0, "windspd925": 27.99, "sbcape": 0, "mlli": 5.82, "sfcrh": 88.94, "temp925": 11.8}}