{"info": {"Latitude": 34.84, "Identifier": "LZK", "Elevation(m)": 173.0, "Longitude": -92.26}, "200430/0000": {"sfc_vwnd": -4.0, "sfc_uwnd": 6.93, "mixratio03km": 4.34, "lapserate75": 6.49, "windspd850": 29.0, "winddir700": 320.0, "lapserate36": 7.43, "winddir250": 305.0, "mlcape": 3, "mixratio850": 5.0, "srh01": 124.69, "eff_srh": 0.0, "srh03": 183.01, "windspd250": 60.01, "winddir500": 340.0, "sfcwindspd": 8.0, "windspd500": 45.01, "temp300": -39.3, "mllcl": 1679.19, "height300": 9210.0, "meltinglvl": 7329.79, "windspd925": 25.99, "mixratio925": 5.16, "pw": 0.62, "temp500": -20.1, "height850": 1470.0, "mlcape03": 3.05, "dewpoint850": 1.4, "stp_eff": 0.0, "shear01": 20.0, "shear03": 24.9, "ship": 0.0, "temp850": 6.2, "dewpoint500": -45.1, "mucape": 117, "temp700": -3.7, "sblfc": 7447.0, "mixratio01km": 5.63, "windspd700": 29.99, "muli": 0.11, "lapserate03": 7.11, "mlcin": -266, "mucin": -48, "winddir300": 310.0, "mulcl": 1281.41, "sblcl": 1133.97, "mixratio700": 2.62, "temp250": -41.7, "sfc_td": 47.84, "sfcrh": 55.05, "height500": 5620.0, "dewpoint700": -9.7, "lapserate85": 6.54, "dcape": 339.37, "sbli": 0.71, "dewpoint925": 3.0, "mixratio500": 0.14, "convtemp": 24.8, "height700": 3029.0, "winddir850": 305.0, "mlli": 0.11, "mulfc": 5447.0, "stp_fix": 0.03, "winddir925": 300.0, "fosberg": 7.72, "scpeff": 0.0, "mixratiosfc850": 5.55, "shear06": 36.0, "sbcin": -120, "wbzheight": 6126.09, "mllfc": 2570.0, "height250": 10460.0, "sbcape": 70, "windspd300": 49.01, "sfc_t": 64.03999999999999, "temp925": 13.0}, "200430/1200": {"temp300": -41.3, "shear06": 64.3, "mixratio03km": 1.97, "lapserate75": 4.53, "windspd850": 24.01, "winddir700": 330.0, "temp250": -50.5, "winddir250": 345.0, "mlcape": 0, "sfc_vwnd": -2.8300000000000001, "sfc_uwnd": 2.8300000000000001, "shear01": 19.8, "srh01": 77.71, "eff_srh": 0.0, "srh03": 142.02, "windspd250": 77.0, "ship": 0.0, "windspd500": 68.01, "winddir500": 335.0, "mllcl": 1369.77, "mucape": 0, "height300": 9350.0, "meltinglvl": 9034.43, "mixratio925": 4.73, "pw": 0.36, "mlcin": -9999, "temp500": -13.1, "height850": 1490.0, "mlcape03": 0.0, "dewpoint850": -5.2, "stp_eff": 0.0, "sblfc": -999.0, "lapserate36": 5.34, "windspd700": 39.01, "temp850": 5.8, "dewpoint500": -40.1, "fosberg": 2.6, "mulfc": -999.0, "mixratio850": 3.06, "muli": 8.0, "lapserate03": 4.53, "sbli": 14.72, "mucin": -9999, "shear03": 36.9, "winddir300": 345.0, "sfc_td": 44.42, "mulcl": 6580.26, "sblcl": 495.92, "mixratio700": 0.84, "height250": 10560.0, "dewpoint700": -23.3, "height500": 5690.0, "lapserate85": 4.61, "dcape": 437.85, "mixratio01km": 5.36, "dewpoint925": 1.8, "mixratio500": 0.23, "convtemp": 35.8, "height700": 3060.0, "winddir850": 355.0, "windspd300": 74.01, "sfc_t": 51.44, "stp_fix": 0.0, "winddir925": 320.0, "sfcwindspd": 4.0, "scpeff": 0.0, "mixratiosfc850": 4.83, "temp700": -1.3, "sbcin": -9999, "wbzheight": 4671.32, "mllfc": -999.0, "windspd925": 13.0, "sbcape": 0, "mlli": 8.0, "sfcrh": 76.58, "temp925": 10.8}}