{"info": {"Latitude": 25.75, "Identifier": "MFL", "Elevation(m)": 5.0, "Longitude": -80.38}, "200606/1200": {"temp300": -30.5, "shear06": 33.3, "mixratio03km": 12.19, "lapserate75": 6.11, "windspd850": 25.0, "winddir700": 190.0, "temp250": -40.7, "winddir250": 280.0, "mlcape": 1627, "sfc_vwnd": 3.0800000000000001, "sfc_uwnd": -8.4600000000000009, "shear01": 19.0, "srh01": 102.25, "eff_srh": 99.83, "srh03": 194.74, "windspd250": 22.01, "ship": 0.68, "windspd500": 29.99, "winddir500": 215.0, "mllcl": 835.69, "mucape": 2505, "height300": 9740.0, "meltinglvl": 16332.2, "mixratio925": 16.19, "pw": 1.74, "mlcin": -10, "temp500": -5.7, "height850": 1558.0, "mlcape03": 62.53, "dewpoint850": 15.4, "stp_eff": 0.0, "sblfc": 820.0, "lapserate36": 6.02, "windspd700": 38.0, "temp850": 18.2, "dewpoint500": -7.0, "fosberg": 4.03, "mulfc": 820.0, "mixratio850": 13.12, "muli": -5.34, "lapserate03": 6.07, "sbli": -5.34, "mucin": -12, "shear03": 33.5, "winddir300": 245.0, "sfc_td": 76.64, "mulcl": 347.22, "sblcl": 347.22, "mixratio700": 3.5, "height250": 11010.0, "dewpoint700": -6.0, "height500": 5910.0, "lapserate85": 5.85, "dcape": 888.08, "mixratio01km": 17.41, "dewpoint925": 20.0, "mixratio500": 4.54, "convtemp": 30.2, "height700": 3199.0, "winddir850": 145.0, "windspd300": 15.0, "sfc_t": 80.96000000000001, "stp_fix": 0.95, "winddir925": 145.0, "sfcwindspd": 8.99, "scpeff": 0.0, "mixratiosfc850": 16.28, "temp700": 11.0, "sbcin": -12, "wbzheight": 13113.98, "mllfc": 1312.63, "windspd925": 25.99, "sbcape": 2505, "mlli": -5.34, "sfcrh": 86.34, "temp925": 22.4}, "200606/0000": {"sfc_vwnd": 1.55, "sfc_uwnd": -5.8, "mixratio03km": 12.19, "lapserate75": 6.26, "windspd850": 17.0, "winddir700": 180.0, "lapserate36": 6.03, "winddir250": 265.0, "mlcape": 1948, "windspd300": 21.0, "srh01": 72.74, "eff_srh": 79.97, "srh03": 134.26, "windspd250": 18.01, "shear06": 31.8, "temp300": -30.5, "windspd500": 31.0, "winddir500": 205.0, "lapserate03": 6.94, "height300": 9730.0, "meltinglvl": 15737.93, "mixratio925": 15.69, "pw": 2.03, "mulcl": 596.81, "temp500": -7.7, "height850": 1558.0, "sbli": -7.41, "mlcape03": 118.28, "dewpoint850": 13.0, "stp_eff": 0.47, "shear01": 12.7, "temp925": 22.6, "shear03": 20.8, "temp850": 19.0, "dewpoint500": -10.0, "mucape": 3148, "temp700": 9.2, "sblfc": 820.0, "muli": -7.7, "mllcl": 887.79, "mlcin": -13, "mucin": 0, "winddir300": 240.0, "ship": 1.1, "sblcl": 439.91, "mixratio700": 3.56, "height250": 11000.0, "sfc_td": 76.28, "windspd700": 23.0, "height500": 5900.0, "dewpoint700": -5.8, "lapserate85": 6.47, "dcape": 680.2, "mixratio01km": 17.32, "dewpoint925": 19.5, "mixratio500": 3.59, "convtemp": 31.0, "height700": 3196.0, "stp_fix": 0.75, "winddir850": 160.0, "mlli": -7.7, "mulfc": 651.45, "temp250": -41.1, "winddir925": 130.0, "fosberg": 3.43, "scpeff": 3.39, "mixratiosfc850": 15.19, "mixratio850": 11.19, "sbcin": -14, "wbzheight": 12724.12, "mllfc": 1569.52, "windspd925": 17.0, "sbcape": 2914, "sfcwindspd": 6.0, "sfc_t": 82.4, "sfcrh": 81.24}}