{"info": {"Latitude": 34.78, "Identifier": "MHX", "Elevation(m)": 11.0, "Longitude": -76.88}, "200430/0000": {"sfc_vwnd": 10.34, "sfc_uwnd": -3.76, "mixratio03km": 4.15, "lapserate75": 6.75, "windspd850": 27.0, "winddir700": 195.0, "lapserate36": 6.54, "winddir250": 265.0, "mlcape": 1, "mixratio850": 4.59, "srh01": 177.26, "eff_srh": 0.0, "srh03": 183.96, "windspd250": 19.0, "winddir500": 230.0, "sfcwindspd": 10.99, "windspd500": 43.01, "temp300": -37.9, "mllcl": 1128.43, "height300": 9490.0, "meltinglvl": 12735.12, "windspd925": 33.0, "mixratio925": 8.99, "pw": 0.92, "temp500": -12.5, "height850": 1530.0, "mlcape03": 0.5, "dewpoint850": 0.2, "stp_eff": 0.0, "shear01": 22.4, "shear03": 22.7, "ship": 0.0, "temp850": 10.2, "dewpoint500": -35.5, "mucape": 14, "temp700": 4.8, "sblfc": 1411.85, "mixratio01km": 9.17, "windspd700": 31.0, "muli": 2.0, "lapserate03": 5.78, "mlcin": -412, "mucin": -276, "winddir300": 245.0, "mulcl": 760.27, "sblcl": 760.27, "mixratio700": 4.02, "temp250": -45.7, "sfc_td": 59.0, "sfcrh": 68.01, "height500": 5780.0, "dewpoint700": -4.2, "lapserate85": 5.51, "dcape": 541.67, "sbli": 2.0, "dewpoint925": 11.0, "mixratio500": 0.37, "convtemp": 31.0, "height700": 3127.0, "winddir850": 200.0, "mlli": 2.0, "mulfc": 1411.85, "stp_fix": 0.01, "winddir925": 180.0, "fosberg": 8.75, "scpeff": 0.0, "mixratiosfc850": 8.19, "shear06": 42.0, "sbcin": -276, "wbzheight": 6157.6, "mllfc": 1636.98, "height250": 10730.0, "sbcape": 14, "windspd300": 36.0, "sfc_t": 69.80000000000001, "temp925": 14.4}, "200430/1200": {"temp300": -37.5, "shear06": 47.5, "mixratio03km": 6.21, "lapserate75": 5.96, "windspd850": 45.01, "winddir700": 190.0, "temp250": -48.5, "winddir250": 235.0, "mlcape": 1, "sfc_vwnd": 8.1899999999999995, "sfc_uwnd": -5.7400000000000002, "shear01": 39.7, "srh01": 409.7, "eff_srh": 0.0, "srh03": 428.37, "windspd250": 67.0, "ship": 0.0, "windspd500": 50.99, "winddir500": 210.0, "mllcl": 908.88, "mucape": 12, "height300": 9480.0, "meltinglvl": 12140.55, "mixratio925": 10.14, "pw": 1.19, "mlcin": -146, "temp500": -10.5, "height850": 1486.0, "mlcape03": 0.51, "dewpoint850": 8.6, "stp_eff": 0.0, "sblfc": 4454.02, "lapserate36": 5.78, "windspd700": 41.01, "temp850": 11.8, "dewpoint500": -40.5, "fosberg": 7.15, "mulfc": 4454.02, "mixratio850": 8.31, "muli": 2.53, "lapserate03": 5.68, "sbli": 2.53, "mucin": -100, "shear03": 34.7, "winddir300": 230.0, "sfc_td": 60.8, "mulcl": 635.07, "sblcl": 635.07, "mixratio700": 3.19, "height250": 10710.0, "dewpoint700": -7.2, "height500": 5740.0, "lapserate85": 5.57, "dcape": 390.34, "mixratio01km": 10.36, "dewpoint925": 12.8, "mixratio500": 0.22, "convtemp": 28.0, "height700": 3089.0, "winddir850": 190.0, "windspd300": 56.99, "sfc_t": 69.80000000000001, "stp_fix": 0.03, "winddir925": 170.0, "sfcwindspd": 10.0, "scpeff": 0.0, "mixratiosfc850": 9.74, "temp700": 4.8, "sbcin": -100, "wbzheight": 8492.06, "mllfc": 2349.79, "windspd925": 48.0, "sbcape": 12, "mlli": 2.53, "sfcrh": 72.6, "temp925": 15.0}}