{"info": {"Latitude": 44.85, "Identifier": "MPX", "Elevation(m)": 287.0, "Longitude": -93.56}, "200430/0000": {"sfc_vwnd": -7.73, "sfc_uwnd": -2.07, "mixratio03km": 2.46, "lapserate75": 5.71, "windspd850": 29.99, "winddir700": 360.0, "lapserate36": 6.15, "winddir250": 345.0, "mlcape": 0, "mixratio850": 3.46, "srh01": 89.21, "eff_srh": 0.0, "srh03": 104.32, "windspd250": 87.01, "winddir500": 355.0, "sfcwindspd": 8.0, "windspd500": 64.01, "temp300": -43.1, "mllcl": 1922.89, "height300": 9230.0, "meltinglvl": 6807.99, "windspd925": 21.0, "mixratio925": 3.8, "pw": 0.39, "temp500": -18.5, "height850": 1472.0, "mlcape03": 2.38, "dewpoint850": -3.6, "stp_eff": 0.0, "shear01": 21.1, "shear03": 26.1, "ship": 0.0, "temp850": 4.4, "dewpoint500": -45.5, "mucape": 0, "temp700": -4.1, "sblfc": -999.0, "mixratio01km": 3.95, "windspd700": 31.99, "muli": 6.56, "lapserate03": 7.67, "mlcin": -9999, "mucin": -9999, "winddir300": 360.0, "mulcl": 1618.84, "sblcl": 1618.84, "mixratio700": 1.84, "temp250": -50.3, "sfc_td": 38.12, "sfcrh": 41.33, "height500": 5600.0, "dewpoint700": -14.1, "lapserate85": 5.68, "dcape": 325.76, "sbli": 6.56, "dewpoint925": -1.2, "mixratio500": 0.13, "convtemp": 29.4, "height700": 3029.0, "winddir850": 360.0, "mlli": 6.56, "mulfc": -999.0, "stp_fix": 0.0, "winddir925": 350.0, "fosberg": 9.15, "scpeff": 0.0, "mixratiosfc850": 3.8, "shear06": 59.7, "sbcin": -9999, "wbzheight": 4255.21, "mllfc": -999.0, "height250": 10430.0, "sbcape": 0, "windspd300": 104.99, "sfc_t": 61.519999999999996, "temp925": 10.8}, "200430/1200": {"temp300": -42.7, "shear06": 43.6, "mixratio03km": 1.02, "lapserate75": 5.16, "windspd850": 29.0, "winddir700": 360.0, "temp250": -52.7, "winddir250": 340.0, "mlcape": 0, "sfc_vwnd": -1.8799999999999999, "sfc_uwnd": 0.68000000000000005, "shear01": 22.1, "srh01": 34.09, "eff_srh": 0.0, "srh03": 48.09, "windspd250": 79.0, "ship": 0.0, "windspd500": 44.0, "winddir500": 345.0, "mllcl": 1894.5, "mucape": 0, "height300": 9290.0, "meltinglvl": 7576.06, "mixratio925": 3.04, "pw": 0.19, "mlcin": -9999, "temp500": -16.5, "height850": 1467.0, "mlcape03": 0.0, "dewpoint850": -25.4, "stp_eff": 0.0, "sblfc": -999.0, "lapserate36": 6.28, "windspd700": 29.0, "temp850": 4.6, "dewpoint500": -31.5, "fosberg": 1.85, "mulfc": -999.0, "mixratio850": 0.57, "muli": 4.92, "lapserate03": 3.41, "sbli": 17.21, "mucin": -9999, "shear03": 29.8, "winddir300": 345.0, "sfc_td": 34.88, "mulcl": 7888.46, "sblcl": 638.56, "mixratio700": 0.08, "height250": 10490.0, "dewpoint700": -46.9, "height500": 5650.0, "lapserate85": 5.05, "dcape": 270.69, "mixratio01km": 3.3, "dewpoint925": -4.2, "mixratio500": 0.55, "convtemp": -9999.0, "height700": 3029.0, "winddir850": 360.0, "windspd300": 77.0, "sfc_t": 43.879999999999995, "stp_fix": 0.0, "winddir925": 10.0, "sfcwindspd": 2.0, "scpeff": 0.0, "mixratiosfc850": 2.26, "temp700": -2.9, "sbcin": -9999, "wbzheight": 2455.75, "mllfc": -999.0, "windspd925": 18.01, "sbcape": 0, "mlli": 4.92, "sfcrh": 70.17, "temp925": 6.8}}