{"info": {"Latitude": 32.85, "Identifier": "NKX", "Elevation(m)": 137.0, "Longitude": -117.12}, "200430/0000": {"sfc_vwnd": 0.87, "sfc_uwnd": 9.96, "mixratio03km": 3.7, "lapserate75": 6.71, "windspd850": 10.99, "winddir700": 195.0, "lapserate36": 6.84, "winddir250": 265.0, "mlcape": 0, "mixratio850": 2.8, "srh01": 13.49, "eff_srh": 0.0, "srh03": 44.48, "windspd250": 35.0, "winddir500": 215.0, "sfcwindspd": 10.0, "windspd500": 23.0, "temp300": -33.3, "mllcl": 2121.82, "height300": 9650.0, "meltinglvl": 14933.13, "windspd925": 4.99, "mixratio925": 3.75, "pw": 0.58, "temp500": -6.7, "height850": 1523.0, "mlcape03": 0.0, "dewpoint850": -6.4, "stp_eff": 0.0, "shear01": 7.0, "shear03": 12.9, "ship": 0.0, "temp850": 22.6, "dewpoint500": -49.7, "mucape": 0, "temp700": 11.4, "sblfc": -999.0, "mixratio01km": 6.73, "windspd700": 10.99, "muli": 4.45, "lapserate03": 3.97, "mlcin": -9999, "mucin": -9999, "winddir300": 255.0, "mulcl": 635.75, "sblcl": 635.75, "mixratio700": 0.75, "temp250": -44.1, "sfc_td": 61.88, "sfcrh": 72.68, "height500": 5890.0, "dewpoint700": -24.6, "lapserate85": 6.82, "dcape": 489.82, "sbli": 4.45, "dewpoint925": -1.4, "mixratio500": 0.08, "convtemp": 44.6, "height700": 3176.0, "winddir850": 210.0, "mlli": 4.45, "mulfc": -999.0, "stp_fix": 0.0, "winddir925": 140.0, "fosberg": 7.15, "scpeff": 0.0, "mixratiosfc850": 5.21, "shear06": 18.3, "sbcin": -9999, "wbzheight": 9016.74, "mllfc": -999.0, "height250": 10900.0, "sbcape": 0, "windspd300": 23.0, "sfc_t": 70.88, "temp925": 23.6}, "200430/1200": {"temp300": -35.1, "shear06": 30.1, "mixratio03km": 3.81, "lapserate75": 7.4, "windspd850": 6.99, "winddir700": 220.0, "temp250": -45.9, "winddir250": 245.0, "mlcape": 0, "sfc_vwnd": 0.78000000000000003, "sfc_uwnd": 2.8999999999999999, "shear01": 3.4, "srh01": 5.43, "eff_srh": 0.0, "srh03": 25.33, "windspd250": 54.0, "ship": 0.0, "windspd500": 33.99, "winddir500": 215.0, "mllcl": 1837.0, "mucape": 0, "height300": 9620.0, "meltinglvl": 14656.08, "mixratio925": 9.87, "pw": 0.64, "mlcin": -9999, "temp500": -8.7, "height850": 1509.0, "mlcape03": 0.0, "dewpoint850": -7.0, "stp_eff": 0.0, "sblfc": -999.0, "lapserate36": 7.36, "windspd700": 18.01, "temp850": 20.0, "dewpoint500": -51.7, "fosberg": 1.1, "mulfc": -999.0, "mixratio850": 2.67, "muli": 3.66, "lapserate03": 2.58, "sbli": 6.15, "mucin": -9999, "shear03": 15.4, "winddir300": 240.0, "sfc_td": 60.26, "mulcl": 1415.62, "sblcl": 190.17, "mixratio700": 1.71, "height250": 10860.0, "dewpoint700": -15.0, "height500": 5860.0, "lapserate85": 6.7, "dcape": 347.77, "mixratio01km": 7.22, "dewpoint925": 12.4, "mixratio500": 0.07, "convtemp": -9999.0, "height700": 3158.0, "winddir850": 270.0, "windspd300": 45.01, "sfc_t": 62.96, "stp_fix": 0.0, "winddir925": 360.0, "sfcwindspd": 2.99, "scpeff": 0.0, "mixratiosfc850": 4.38, "temp700": 11.0, "sbcin": -9999, "wbzheight": 10179.67, "mllfc": -999.0, "windspd925": 4.0, "sbcape": 0, "mlli": 3.66, "sfcrh": 90.72, "temp925": 18.4}}