{"info": {"Latitude": 33.25, "Identifier": "NSI", "Elevation(m)": 174.0, "Longitude": -119.45}, "180718/1200": {"temp300": -30.1, "shear06": 27.5, "mixratio03km": 8.95, "lapserate75": 7.62, "windspd850": 6.99, "winddir700": 45.0, "temp250": -39.5, "winddir250": 160.0, "mlcape": 0, "sfc_vwnd": -2.3900000000000001, "sfc_uwnd": 6.5800000000000001, "shear01": 12.6, "srh01": 34.36, "eff_srh": 41.85, "srh03": 90.9, "windspd250": 13.0, "ship": 0.06, "windspd500": 21.0, "winddir500": 90.0, "mllcl": 839.65, "mucape": 984, "height300": 9730.0, "meltinglvl": 16396.04, "mixratio925": 9.74, "pw": 1.77, "mlcin": -9999, "temp500": -4.9, "height850": 1472.0, "mlcape03": 0.0, "dewpoint850": 6.2, "stp_eff": 0.0, "sblfc": -47.72, "lapserate36": 7.53, "windspd700": 16.01, "temp850": 27.2, "dewpoint500": -8.0, "fosberg": 1.86, "mulfc": 4093.0, "mixratio850": 7.04, "muli": -2.96, "lapserate03": 0.83, "sbli": 10.47, "mucin": -2, "shear03": 20.0, "winddir300": 115.0, "sfc_td": 60.8, "mulcl": 3854.2, "sblcl": -47.72, "mixratio700": 8.56, "height250": 11010.0, "dewpoint700": 6.2, "height500": 5900.0, "lapserate85": 7.38, "dcape": 140.62, "mixratio01km": 10.32, "dewpoint925": 12.2, "mixratio500": 4.2, "convtemp": -9999.0, "height700": 3156.0, "winddir850": 75.0, "windspd300": 14.01, "sfc_t": 62.6, "stp_fix": 0.0, "winddir925": 80.0, "sfcwindspd": 6.99, "scpeff": 0.0, "mixratiosfc850": 9.85, "temp700": 15.2, "sbcin": -2053, "wbzheight": 15779.01, "mllfc": -999.0, "windspd925": 2.99, "sbcape": 6, "mlli": -2.96, "sfcrh": 93.72, "temp925": 21.2}}