{"info": {"Latitude": 34.11, "Identifier": "NTD", "Elevation(m)": 2.0, "Longitude": -119.12}, "171128/1200": {"temp300": -42.3, "shear06": 16.0, "mixratio03km": 1.98, "lapserate75": 7.63, "windspd850": 31.0, "winddir700": 245.0, "temp250": -999.0, "winddir250": -999.0, "mlcape": 0, "sfc_vwnd": -1.9299999999999999, "sfc_uwnd": 2.2999999999999998, "shear01": 35.1, "srh01": -29.26, "eff_srh": 0.0, "srh03": 10.45, "windspd250": -999.0, "ship": 0.0, "windspd500": 17.0, "winddir500": 250.0, "mllcl": 2017.93, "mucape": -9999, "height300": 9480.0, "meltinglvl": 14489.14, "mixratio925": 2.69, "pw": 0.26, "mlcin": -9999, "temp500": -11.1, "height850": 1492.0, "mlcape03": 0.0, "dewpoint850": -16.2, "stp_eff": 0.0, "sblfc": -999.0, "lapserate36": 7.58, "windspd700": 8.0, "temp850": 12.8, "dewpoint500": -33.1, "fosberg": 2.93, "mulfc": -999.0, "mixratio850": 1.27, "muli": 3.89, "lapserate03": -0.41, "sbli": 23.97, "mucin": -9999, "shear03": 7.2, "winddir300": 230.0, "sfc_td": 34.16, "mulcl": -999.0, "sblcl": 910.84, "mixratio700": 0.52, "height250": -999.0, "dewpoint700": -28.6, "height500": 5800.0, "lapserate85": 5.58, "dcape": 474.2, "mixratio01km": 3.56, "dewpoint925": -5.8, "mixratio500": 0.47, "convtemp": -9999.0, "height700": 3111.0, "winddir850": 50.0, "windspd300": 17.0, "sfc_t": 46.76, "stp_fix": 0.0, "winddir925": 35.0, "sfcwindspd": 2.99, "scpeff": -9999.0, "mixratiosfc850": 3.19, "temp700": 9.4, "sbcin": -9999, "wbzheight": 6895.14, "mllfc": -999.0, "windspd925": 37.01, "sbcape": 0, "mlli": 3.89, "sfcrh": 61.04, "temp925": 14.2}}