{"info": {"Latitude": 40.87, "Identifier": "OKX", "Elevation(m)": 20.0, "Longitude": -72.86}, "200430/0000": {"sfc_vwnd": 2.12, "sfc_uwnd": -2.12, "mixratio03km": 5.2, "lapserate75": 5.67, "windspd850": 27.0, "winddir700": 245.0, "lapserate36": 5.91, "winddir250": 290.0, "mlcape": 0, "mixratio850": 7.34, "srh01": 136.59, "eff_srh": 0.0, "srh03": 428.89, "windspd250": 58.0, "winddir500": 275.0, "sfcwindspd": 2.99, "windspd500": 33.0, "temp300": -38.7, "mllcl": 1295.84, "height300": 9410.0, "meltinglvl": 9629.55, "windspd925": 23.0, "mixratio925": 5.9, "pw": 1.02, "temp500": -15.7, "height850": 1544.0, "mlcape03": 38.23, "dewpoint850": 6.8, "stp_eff": 0.0, "shear01": 22.8, "shear03": 25.5, "ship": 0.0, "temp850": 6.8, "dewpoint500": -18.0, "mucape": 0, "temp700": -1.3, "sblfc": -999.0, "mixratio01km": 4.66, "windspd700": 24.01, "muli": 2.65, "lapserate03": 3.35, "mlcin": -9999, "mucin": -9999, "winddir300": 265.0, "mulcl": 4246.07, "sblcl": 627.17, "mixratio700": 4.63, "temp250": -48.5, "sfc_td": 39.92, "sfcrh": 70.69, "height500": 5740.0, "dewpoint700": -2.3, "lapserate85": 5.59, "dcape": -124.89, "sbli": 17.05, "dewpoint925": 4.9, "mixratio500": 1.86, "convtemp": -9999.0, "height700": 3118.0, "winddir850": 200.0, "mlli": 2.65, "mulfc": -999.0, "stp_fix": 0.0, "winddir925": 145.0, "fosberg": 2.43, "scpeff": 0.0, "mixratiosfc850": 5.16, "shear06": 31.6, "sbcin": -9999, "wbzheight": 8916.74, "mllfc": -999.0, "height250": 10640.0, "sbcape": 0, "windspd300": 45.01, "sfc_t": 48.92, "temp925": 7.6}, "200430/1200": {"temp300": -40.5, "shear06": 35.8, "mixratio03km": 7.13, "lapserate75": 5.77, "windspd850": 31.0, "winddir700": 195.0, "temp250": -46.5, "winddir250": 255.0, "mlcape": 0, "sfc_vwnd": 2.7200000000000002, "sfc_uwnd": -1.27, "shear01": 26.6, "srh01": 387.68, "eff_srh": 0.0, "srh03": 377.4, "windspd250": 64.01, "ship": 0.0, "windspd500": 43.01, "winddir500": 210.0, "mllcl": 443.33, "mucape": 0, "height300": 9420.0, "meltinglvl": 9929.83, "mixratio925": 9.23, "pw": 1.26, "mlcin": -9999, "temp500": -14.9, "height850": 1530.0, "mlcape03": 0.0, "dewpoint850": 6.6, "stp_eff": 0.0, "sblfc": 133.71, "lapserate36": 5.39, "windspd700": 41.01, "temp850": 7.4, "dewpoint500": -17.3, "fosberg": 0.57, "mulfc": -999.0, "mixratio850": 7.24, "muli": 1.72, "lapserate03": 2.99, "sbli": 15.01, "mucin": -9999, "shear03": 39.7, "winddir300": 240.0, "sfc_td": 47.120000000000005, "mulcl": 4324.56, "sblcl": 50.94, "mixratio700": 5.14, "height250": 10650.0, "dewpoint700": -0.9, "height500": 5730.0, "lapserate85": 5.53, "dcape": -58.15, "mixratio01km": 7.79, "dewpoint925": 11.4, "mixratio500": 1.97, "convtemp": 26.8, "height700": 3108.0, "winddir850": 205.0, "windspd300": 58.99, "sfc_t": 47.84, "stp_fix": 0.0, "winddir925": 170.0, "sfcwindspd": 2.99, "scpeff": 0.0, "mixratiosfc850": 7.72, "temp700": -0.3, "sbcin": -1972, "wbzheight": 9747.68, "mllfc": -999.0, "windspd925": 29.0, "sbcape": 0, "mlli": 1.72, "sfcrh": 97.3, "temp925": 11.4}}