{"info": {"Latitude": 33.45, "Identifier": "74626", "Elevation(m)": 384.0, "Longitude": -111.95}, "190927/1200": {"temp300": -37.3, "shear06": 6.7, "mixratio03km": 8.96, "lapserate75": 5.55, "windspd850": 4.0, "winddir700": 185.0, "temp250": -43.5, "winddir250": 220.0, "mlcape": 738, "sfc_vwnd": -0.84999999999999998, "sfc_uwnd": 1.8100000000000001, "shear01": 2.0, "srh01": -5.74, "eff_srh": -0.88, "srh03": 12.5, "windspd250": 17.0, "ship": 0.04, "windspd500": 2.0, "winddir500": 170.0, "mllcl": 760.31, "mucape": 756, "height300": 9510.0, "meltinglvl": 12100.89, "mixratio925": 13.1, "pw": 1.42, "mlcin": -8, "temp500": -9.7, "height850": 1477.0, "mlcape03": 113.35, "dewpoint850": 13.7, "stp_eff": -0.0, "sblfc": 1142.57, "lapserate36": 5.94, "windspd700": 10.99, "temp850": 14.4, "dewpoint500": -17.7, "fosberg": 1.49, "mulfc": 1142.57, "mixratio850": 11.73, "muli": -2.14, "lapserate03": 6.65, "sbli": -2.14, "mucin": -11, "shear03": 11.6, "winddir300": 10.0, "sfc_td": 64.4, "mulcl": 688.35, "sblcl": 455.12, "mixratio700": 4.02, "height250": 10740.0, "dewpoint700": -4.2, "height500": 5770.0, "lapserate85": 6.01, "dcape": 447.53, "mixratio01km": 13.08, "dewpoint925": 16.7, "mixratio500": 1.91, "convtemp": 24.6, "height700": 3092.0, "winddir850": 300.0, "windspd300": 8.0, "sfc_t": 70.88, "stp_fix": 0.0, "winddir925": 310.0, "sfcwindspd": 2.0, "scpeff": -0.0, "mixratiosfc850": 12.8, "temp700": 4.8, "sbcin": -25, "wbzheight": 10926.06, "mllfc": 1142.57, "windspd925": 6.99, "sbcape": 754, "mlli": -2.14, "sfcrh": 79.54, "temp925": 19.2}}