{"info": {"Latitude": 40.53, "Identifier": "PIT", "Elevation(m)": 360.0, "Longitude": -80.22}, "200430/0000": {"sfc_vwnd": 2.11, "sfc_uwnd": 4.53, "mixratio03km": 6.75, "lapserate75": 5.47, "windspd850": 33.99, "winddir700": 185.0, "lapserate36": 5.5, "winddir250": 225.0, "mlcape": 13, "mixratio850": 7.29, "srh01": 212.57, "eff_srh": 0.0, "srh03": 260.42, "windspd250": 84.0, "winddir500": 210.0, "sfcwindspd": 4.99, "windspd500": 49.01, "temp300": -37.9, "mllcl": 1338.5, "height300": 9330.0, "meltinglvl": 8372.36, "windspd925": 14.01, "mixratio925": 7.53, "pw": 1.05, "temp500": -14.3, "height850": 1427.0, "mlcape03": 13.49, "dewpoint850": 6.7, "stp_eff": 0.0, "shear01": 32.6, "shear03": 41.8, "ship": 0.0, "temp850": 11.4, "dewpoint500": -17.6, "mucape": 244, "temp700": -0.5, "sblfc": 1469.0, "mixratio01km": 7.74, "windspd700": 47.01, "muli": 0.12, "lapserate03": 7.07, "mlcin": -85, "mucin": -53, "winddir300": 215.0, "mulcl": 636.16, "sblcl": 636.16, "mixratio700": 5.03, "temp250": -48.7, "sfc_td": 55.76, "sfcrh": 72.15, "height500": 5630.0, "dewpoint700": -1.2, "lapserate85": 6.34, "dcape": 232.45, "sbli": 0.12, "dewpoint925": 8.4, "mixratio500": 1.92, "convtemp": 23.2, "height700": 3013.0, "winddir850": 175.0, "mlli": 0.12, "mulfc": 1469.0, "stp_fix": 0.31, "winddir925": 185.0, "fosberg": 3.72, "scpeff": 0.0, "mixratiosfc850": 7.67, "shear06": 53.2, "sbcin": -53, "wbzheight": 8038.69, "mllfc": 2078.0, "height250": 10560.0, "sbcape": 244, "windspd300": 81.99, "sfc_t": 64.75999999999999, "temp925": 16.4}, "200430/1200": {"temp300": -40.9, "shear06": 89.4, "mixratio03km": 4.96, "lapserate75": 3.98, "windspd850": 22.01, "winddir700": 170.0, "temp250": -49.1, "winddir250": 210.0, "mlcape": 0, "sfc_vwnd": 1.99, "sfc_uwnd": 0.17000000000000001, "shear01": 20.4, "srh01": 36.7, "eff_srh": 0.0, "srh03": 366.75, "windspd250": 113.0, "ship": 0.0, "windspd500": 73.0, "winddir500": 185.0, "mllcl": 625.82, "mucape": 0, "height300": 9240.0, "meltinglvl": 6163.97, "mixratio925": 6.6, "pw": 0.8, "mlcin": -9999, "temp500": -13.9, "height850": 1383.0, "mlcape03": 22.76, "dewpoint850": 2.7, "stp_eff": 0.0, "sblfc": 936.9, "lapserate36": 4.8, "windspd700": 42.0, "temp850": 4.4, "dewpoint500": -17.1, "fosberg": 0.4, "mulfc": -999.0, "mixratio850": 5.5, "muli": 4.18, "lapserate03": 5.5, "sbli": 8.8, "mucin": -9999, "shear03": 51.0, "winddir300": 200.0, "sfc_td": 50.18, "mulcl": 4900.82, "sblcl": 38.26, "mixratio700": 3.05, "height250": 10450.0, "dewpoint700": -7.8, "height500": 5550.0, "lapserate85": 4.54, "dcape": 30.87, "mixratio01km": 6.78, "dewpoint925": 6.5, "mixratio500": 2.01, "convtemp": 23.4, "height700": 2942.0, "winddir850": 215.0, "windspd300": 108.01, "sfc_t": 50.72, "stp_fix": 0.01, "winddir925": 190.0, "sfcwindspd": 2.0, "scpeff": 0.0, "mixratiosfc850": 6.53, "temp700": -3.7, "sbcin": -290, "wbzheight": 5740.69, "mllfc": -999.0, "windspd925": 19.0, "sbcape": 25, "mlli": 4.18, "sfcrh": 97.99, "temp925": 8.0}}