{"info": {"Latitude": 34.68, "Identifier": "QAG", "Elevation(m)": 209.0, "Longitude": -86.68}, "150406/1200": {"temp300": -40.7, "shear06": 43.3, "mixratio03km": 7.12, "lapserate75": 7.63, "windspd850": 31.99, "winddir700": 270.0, "temp250": -50.5, "winddir250": 290.0, "mlcape": 0, "sfc_vwnd": 4.0999999999999996, "sfc_uwnd": -2.8700000000000001, "shear01": 25.2, "srh01": 176.29, "eff_srh": 0.0, "srh03": 273.89, "windspd250": 72.01, "ship": 0.0, "windspd500": 36.0, "winddir500": 285.0, "mllcl": 1497.27, "mucape": 22, "height300": 9460.0, "meltinglvl": 10705.4, "mixratio925": 7.74, "pw": 1.04, "mlcin": -9999, "temp500": -16.7, "height850": 1544.0, "mlcape03": 0.0, "dewpoint850": 8.9, "stp_eff": 0.0, "sblfc": -999.0, "lapserate36": 6.46, "windspd700": 20.01, "temp850": 10.0, "dewpoint500": -20.0, "fosberg": 5.68, "mulfc": 5561.0, "mixratio850": 8.49, "muli": -1.67, "lapserate03": 4.68, "sbli": 9.08, "mucin": -51, "shear03": 23.7, "winddir300": 285.0, "sfc_td": 39.92, "mulcl": 1412.59, "sblcl": 1485.58, "mixratio700": 4.92, "height250": 10680.0, "dewpoint700": -1.5, "height500": 5770.0, "lapserate85": 6.6, "dcape": 603.11, "mixratio01km": 6.97, "dewpoint925": 8.8, "mixratio500": 1.57, "convtemp": 31.4, "height700": 3140.0, "winddir850": 225.0, "windspd300": 58.99, "sfc_t": 61.519999999999996, "stp_fix": 0.0, "winddir925": 200.0, "sfcwindspd": 4.99, "scpeff": 0.0, "mixratiosfc850": 7.6, "temp700": 2.8, "sbcin": -9999, "wbzheight": 9869.56, "mllfc": -999.0, "windspd925": 21.0, "sbcape": 0, "mlli": -1.67, "sfcrh": 44.38, "temp925": 14.8}}