{"info": {"Latitude": 39.56, "Identifier": "REV", "Elevation(m)": 1516.0, "Longitude": -119.8}, "200430/0000": {"sfc_vwnd": 8.5, "sfc_uwnd": 14.72, "mixratio03km": -9999.0, "lapserate75": 8.1, "windspd850": -999.0, "winddir700": 205.0, "lapserate36": 7.78, "winddir250": 215.0, "mlcape": 170, "mixratio850": 0.0, "srh01": 32.97, "eff_srh": 58.92, "srh03": 67.59, "windspd250": 70.01, "winddir500": 235.0, "sfcwindspd": 17.0, "windspd500": 39.01, "temp300": -36.9, "mllcl": 2527.71, "height300": 9510.0, "meltinglvl": 8427.97, "windspd925": -999.0, "mixratio925": 0.0, "pw": 0.61, "temp500": -12.9, "height850": 1497.0, "mlcape03": 0.0, "dewpoint850": -999.0, "stp_eff": 0.0, "shear01": 10.9, "shear03": 12.4, "ship": 0.01, "temp850": -999.0, "dewpoint500": -23.9, "mucape": 259, "temp700": 8.0, "sblfc": 3129.08, "mixratio01km": -9999.0, "windspd700": 17.0, "muli": -1.49, "lapserate03": 8.98, "mlcin": -55, "mucin": -16, "winddir300": 220.0, "mulcl": 2484.33, "sblcl": 2484.33, "mixratio700": 5.1, "temp250": -45.7, "sfc_td": 38.480000000000004, "sfcrh": 26.45, "height500": 5810.0, "dewpoint700": -1.0, "lapserate85": -9999.0, "dcape": 1005.8, "sbli": -1.49, "dewpoint925": -999.0, "mixratio500": 1.11, "convtemp": 24.6, "height700": 3144.0, "winddir850": -999.0, "mlli": -1.49, "mulfc": 3129.08, "stp_fix": 0.0, "winddir925": -999.0, "fosberg": 23.2, "scpeff": 0.0, "mixratiosfc850": -9999.0, "shear06": 36.9, "sbcin": -16, "wbzheight": 7122.44, "mllfc": 3361.0, "height250": 10750.0, "sbcape": 259, "windspd300": 65.0, "sfc_t": 74.48, "temp925": -999.0}, "200430/1200": {"temp300": -43.5, "shear06": 45.5, "mixratio03km": -9999.0, "lapserate75": 7.23, "windspd850": -999.0, "winddir700": 255.0, "temp250": -47.1, "winddir250": 225.0, "mlcape": 0, "sfc_vwnd": -0.87, "sfc_uwnd": 4.9199999999999999, "shear01": 19.0, "srh01": 2.63, "eff_srh": 0.0, "srh03": 90.19, "windspd250": 63.0, "ship": 0.0, "windspd500": 41.01, "winddir500": 230.0, "mllcl": 2903.8, "mucape": 0, "height300": 9420.0, "meltinglvl": 7385.95, "mixratio925": 0.0, "pw": 0.24, "mlcin": -9999, "temp500": -13.5, "height850": 1502.0, "mlcape03": 0.0, "dewpoint850": -999.0, "stp_eff": 0.0, "sblfc": -999.0, "lapserate36": 7.62, "windspd700": 18.01, "temp850": -999.0, "dewpoint500": -29.5, "fosberg": 6.33, "mulfc": -999.0, "mixratio850": 0.0, "muli": 3.43, "lapserate03": 6.53, "sbli": 5.38, "mucin": -9999, "shear03": 27.6, "winddir300": 235.0, "sfc_td": 31.64, "mulcl": 6739.36, "sblcl": 1883.53, "mixratio700": 0.91, "height250": 10640.0, "dewpoint700": -22.4, "height500": 5760.0, "lapserate85": -9999.0, "dcape": 496.06, "mixratio01km": -9999.0, "dewpoint925": -999.0, "mixratio500": 0.67, "convtemp": 28.8, "height700": 3113.0, "winddir850": -999.0, "windspd300": 52.99, "sfc_t": 58.64, "stp_fix": 0.0, "winddir925": -999.0, "sfcwindspd": 4.99, "scpeff": 0.0, "mixratiosfc850": -9999.0, "temp700": 5.6, "sbcin": -9999, "wbzheight": 2928.8, "mllfc": -999.0, "windspd925": -999.0, "sbcape": 0, "mlli": 3.43, "sfcrh": 35.32, "temp925": -999.0}}