{"info": {"Latitude": 43.06, "Identifier": "RIW", "Elevation(m)": 1703.0, "Longitude": -108.48}, "200430/0000": {"temp300": -38.1, "shear06": 46.9, "mixratio03km": -9999.0, "lapserate75": 7.81, "windspd850": -999.0, "winddir700": 250.0, "temp250": -47.9, "winddir250": 295.0, "mlcape": 0, "sfc_vwnd": -2.5899999999999999, "sfc_uwnd": -9.6600000000000001, "shear01": 19.9, "srh01": 152.52, "eff_srh": 0.0, "srh03": 269.02, "windspd250": 47.01, "ship": 0.0, "windspd500": 29.0, "winddir500": 295.0, "mllcl": 3267.05, "mucape": 0, "height300": 9540.0, "meltinglvl": 8982.0, "mixratio925": 0.0, "pw": 0.36, "mlcin": -9999, "temp500": -11.7, "height850": 1501.0, "mlcape03": 69.63, "dewpoint850": -999.0, "stp_eff": 0.0, "sblfc": -999.0, "lapserate36": 7.9, "windspd700": 18.01, "temp850": -999.0, "dewpoint500": -22.7, "fosberg": 15.36, "mulfc": -999.0, "mixratio850": 0.0, "muli": 1.79, "lapserate03": 8.61, "sbli": 1.79, "mucin": -9999, "shear03": 27.6, "winddir300": 300.0, "sfc_td": 27.68, "mulcl": 3197.01, "sblcl": 3197.01, "mixratio700": 2.77, "height250": 10760.0, "dewpoint700": -9.0, "height500": 5830.0, "lapserate85": -9999.0, "dcape": 632.32, "mixratio01km": -9999.0, "dewpoint925": -999.0, "mixratio500": 1.24, "convtemp": 28.6, "height700": 3143.0, "winddir850": -999.0, "windspd300": 37.01, "sfc_t": 74.48, "stp_fix": 0.0, "winddir925": -999.0, "sfcwindspd": 10.0, "scpeff": 0.0, "mixratiosfc850": -9999.0, "temp700": 9.0, "sbcin": -9999, "wbzheight": 5205.26, "mllfc": -999.0, "windspd925": -999.0, "sbcape": 0, "mlli": 1.79, "sfcrh": 17.07, "temp925": -999.0}}