{"info": {"Latitude": 37.2, "Identifier": "RNK", "Elevation(m)": 654.0, "Longitude": -80.41}, "200430/0000": {"sfc_vwnd": 6.89, "sfc_uwnd": -5.79, "mixratio03km": 6.88, "lapserate75": 4.66, "windspd850": 37.01, "winddir700": 185.0, "lapserate36": 4.52, "winddir250": 225.0, "mlcape": 154, "mixratio850": 7.76, "srh01": 274.84, "eff_srh": 246.7, "srh03": 521.26, "windspd250": 70.01, "winddir500": 230.0, "sfcwindspd": 8.99, "windspd500": 58.0, "temp300": -37.3, "mllcl": 1182.67, "height300": 9400.0, "meltinglvl": 7430.63, "windspd925": 15.0, "mixratio925": 8.63, "pw": 1.0, "temp500": -12.5, "height850": 1451.0, "mlcape03": 120.89, "dewpoint850": 7.6, "stp_eff": 0.2, "shear01": 31.3, "shear03": 55.6, "ship": 0.0, "temp850": 12.0, "dewpoint500": -14.1, "mucape": 529, "temp700": -0.5, "sblfc": 746.71, "mixratio01km": 8.83, "windspd700": 52.0, "muli": -1.32, "lapserate03": 8.68, "mlcin": -26, "mucin": 0, "winddir300": 215.0, "mulcl": 746.71, "sblcl": 746.71, "mixratio700": 4.23, "temp250": -48.1, "sfc_td": 56.480000000000004, "sfcrh": 67.73, "height500": 5680.0, "dewpoint700": -3.5, "lapserate85": 6.01, "dcape": 389.54, "sbli": -1.32, "dewpoint925": 10.4, "mixratio500": 2.58, "convtemp": 21.6, "height700": 3041.0, "winddir850": 155.0, "mlli": -1.32, "mulfc": 746.71, "stp_fix": 0.97, "winddir925": 150.0, "fosberg": 7.21, "scpeff": 2.61, "mixratiosfc850": 8.6, "shear06": 65.1, "sbcin": 0, "wbzheight": 6999.78, "mllfc": 1480.0, "height250": 10630.0, "sbcape": 529, "windspd300": 67.0, "sfc_t": 67.28, "temp925": 18.4}, "200430/1200": {"temp300": -37.9, "shear06": 87.7, "mixratio03km": 4.8, "lapserate75": 4.91, "windspd850": 25.99, "winddir700": 220.0, "temp250": -46.3, "winddir250": 210.0, "mlcape": 0, "sfc_vwnd": 0.0, "sfc_uwnd": 0.0, "shear01": 28.4, "srh01": 40.71, "eff_srh": 0.0, "srh03": -6.02, "windspd250": 108.01, "ship": 0.0, "windspd500": 79.99, "winddir500": 190.0, "mllcl": 872.65, "mucape": 0, "height300": 9330.0, "meltinglvl": 7830.75, "mixratio925": 6.93, "pw": 0.82, "mlcin": -9999, "temp500": -12.3, "height850": 1405.0, "mlcape03": 0.0, "dewpoint850": 2.6, "stp_eff": 0.0, "sblfc": -999.0, "lapserate36": 6.06, "windspd700": 56.0, "temp850": 7.6, "dewpoint500": -14.1, "fosberg": 0.18, "mulfc": -999.0, "mixratio850": 5.46, "muli": 0.65, "lapserate03": 3.94, "sbli": 11.13, "mucin": -9999, "shear03": 57.0, "winddir300": 210.0, "sfc_td": 47.120000000000005, "mulcl": 5186.61, "sblcl": -0.0, "mixratio700": 2.91, "height250": 10560.0, "dewpoint700": -8.4, "height500": 5620.0, "lapserate85": 4.84, "dcape": 88.71, "mixratio01km": 6.79, "dewpoint925": 7.2, "mixratio500": 2.58, "convtemp": 28.4, "height700": 2980.0, "winddir850": 220.0, "windspd300": 99.01, "sfc_t": 47.120000000000005, "stp_fix": 0.0, "winddir925": 175.0, "sfcwindspd": 0.0, "scpeff": 0.0, "mixratiosfc850": 6.33, "temp700": 0.6, "sbcin": -9999, "wbzheight": 5352.63, "mllfc": -999.0, "windspd925": 2.99, "sbcape": 0, "mlli": 0.65, "sfcrh": 100.0, "temp925": 8.4}}