{"info": {"Latitude": 37.23, "Identifier": "SGF", "Elevation(m)": 387.0, "Longitude": -93.38}, "200430/0000": {"sfc_vwnd": -7.07, "sfc_uwnd": 8.43, "mixratio03km": 4.3, "lapserate75": 6.47, "windspd850": 35.0, "winddir700": 350.0, "lapserate36": 8.1, "winddir250": 340.0, "mlcape": 19, "mixratio850": 4.72, "srh01": 176.5, "eff_srh": 0.0, "srh03": 288.42, "windspd250": 58.99, "winddir500": 340.0, "sfcwindspd": 10.99, "windspd500": 47.01, "temp300": -41.5, "mllcl": 1717.0, "height300": 9190.0, "meltinglvl": 5933.68, "windspd925": 31.0, "mixratio925": 4.94, "pw": 0.52, "temp500": -20.3, "height850": 1466.0, "mlcape03": 18.73, "dewpoint850": 0.6, "stp_eff": 0.0, "shear01": 24.6, "shear03": 37.2, "ship": 0.0, "temp850": 6.6, "dewpoint500": -50.3, "mucape": 104, "temp700": -3.9, "sblfc": 6101.89, "mixratio01km": 5.04, "windspd700": 46.0, "muli": 1.14, "lapserate03": 7.34, "mlcin": -296, "mucin": -147, "winddir300": 345.0, "mulcl": 1490.55, "sblcl": 1490.55, "mixratio700": 2.2, "temp250": -43.3, "sfc_td": 42.44, "sfcrh": 44.72, "height500": 5610.0, "dewpoint700": -11.9, "lapserate85": 6.68, "dcape": 275.39, "sbli": 1.14, "dewpoint925": 2.4, "mixratio500": 0.08, "convtemp": 24.8, "height700": 3020.0, "winddir850": 315.0, "mlli": 1.14, "mulfc": 6101.89, "stp_fix": 0.04, "winddir925": 315.0, "fosberg": 11.97, "scpeff": 0.0, "mixratiosfc850": 4.99, "shear06": 41.6, "sbcin": -147, "wbzheight": 5418.23, "mllfc": 1903.03, "height250": 10420.0, "sbcape": 104, "windspd300": 61.0, "sfc_t": 64.03999999999999, "temp925": 13.4}, "200430/1200": {"temp300": -39.7, "shear06": 50.3, "mixratio03km": 3.1, "lapserate75": 5.9, "windspd850": 35.0, "winddir700": 345.0, "temp250": -48.9, "winddir250": 345.0, "mlcape": 0, "sfc_vwnd": -3.4399999999999999, "sfc_uwnd": 4.9100000000000001, "shear01": 30.4, "srh01": 46.58, "eff_srh": 0.0, "srh03": 141.77, "windspd250": 79.99, "ship": 0.0, "windspd500": 52.99, "winddir500": 340.0, "mllcl": 1792.34, "mucape": 0, "height300": 9410.0, "meltinglvl": 10533.06, "mixratio925": 4.94, "pw": 0.49, "mlcin": -9999, "temp500": -11.9, "height850": 1497.0, "mlcape03": 0.0, "dewpoint850": 0.6, "stp_eff": 0.0, "sblfc": -999.0, "lapserate36": 6.7, "windspd700": 46.0, "temp850": 8.6, "dewpoint500": -34.9, "fosberg": 3.6, "mulfc": -999.0, "mixratio850": 4.72, "muli": 6.95, "lapserate03": 3.11, "sbli": 14.82, "mucin": -9999, "shear03": 44.6, "winddir300": 350.0, "sfc_td": 43.7, "mulcl": 5823.84, "sblcl": 471.39, "mixratio700": 0.18, "height250": 10640.0, "dewpoint700": -39.2, "height500": 5730.0, "lapserate85": 5.02, "dcape": 428.42, "mixratio01km": 4.81, "dewpoint925": 2.4, "mixratio500": 0.4, "convtemp": -9999.0, "height700": 3075.0, "winddir850": 350.0, "windspd300": 73.0, "sfc_t": 50.36, "stp_fix": 0.0, "winddir925": 355.0, "sfcwindspd": 6.0, "scpeff": 0.0, "mixratiosfc850": 4.44, "temp700": 3.8, "sbcin": -9999, "wbzheight": 5891.27, "mllfc": -999.0, "windspd925": 24.01, "sbcape": 0, "mlli": 6.95, "sfcrh": 77.56, "temp925": 12.4}}