{"info": {"Latitude": 32.46, "Identifier": "SHV", "Elevation(m)": 79.0, "Longitude": -93.78}, "200606/1200": {"temp300": -32.3, "shear06": 30.6, "mixratio03km": 10.2, "lapserate75": 6.42, "windspd850": 12.0, "winddir700": 50.0, "temp250": -41.5, "winddir250": 350.0, "mlcape": 442, "sfc_vwnd": 2.5699999999999998, "sfc_uwnd": -3.0600000000000001, "shear01": 7.6, "srh01": 59.61, "eff_srh": 106.7, "srh03": 190.24, "windspd250": 29.99, "ship": 0.22, "windspd500": 31.0, "winddir500": 50.0, "mllcl": 1193.05, "mucape": 984, "height300": 9680.0, "meltinglvl": 14998.57, "mixratio925": 13.53, "pw": 1.5, "mlcin": -179, "temp500": -7.3, "height850": 1532.0, "mlcape03": 0.0, "dewpoint850": 12.4, "stp_eff": 0.0, "sblfc": 3529.27, "lapserate36": 6.39, "windspd700": 27.0, "temp850": 19.4, "dewpoint500": -30.3, "fosberg": 1.84, "mulfc": 2519.02, "mixratio850": 10.75, "muli": -3.53, "lapserate03": 4.92, "sbli": -0.75, "mucin": -72, "shear03": 26.6, "winddir300": 335.0, "sfc_td": 68.9, "mulcl": 1324.9, "sblcl": 303.5, "mixratio700": 4.2, "height250": 10940.0, "dewpoint700": -3.6, "height500": 5870.0, "lapserate85": 6.57, "dcape": 955.75, "mixratio01km": 14.02, "dewpoint925": 17.2, "mixratio500": 0.62, "convtemp": 34.8, "height700": 3174.0, "winddir850": 5.0, "windspd300": 21.0, "sfc_t": 73.03999999999999, "stp_fix": 0.03, "winddir925": 30.0, "sfcwindspd": 4.0, "scpeff": 1.61, "mixratiosfc850": 13.55, "temp700": 9.4, "sbcin": -374, "wbzheight": 11694.46, "mllfc": 7728.48, "windspd925": 4.0, "sbcape": 147, "mlli": -3.53, "sfcrh": 86.55, "temp925": 24.2}, "200606/0000": {"sfc_vwnd": 2.72, "sfc_uwnd": 1.27, "mixratio03km": 10.47, "lapserate75": 6.89, "windspd850": 4.0, "winddir700": 45.0, "lapserate36": 6.91, "winddir250": 325.0, "mlcape": 1300, "windspd300": 19.0, "srh01": 19.63, "eff_srh": 14.09, "srh03": 37.09, "windspd250": 20.01, "shear06": 12.9, "temp300": -32.1, "windspd500": 10.0, "winddir500": 45.0, "lapserate03": 8.21, "height300": 9690.0, "meltinglvl": 15451.04, "mixratio925": 13.02, "pw": 1.47, "mulcl": 1406.23, "temp500": -8.1, "height850": 1541.0, "sbli": -7.5, "mlcape03": 8.93, "dewpoint850": 14.9, "stp_eff": 0.0, "shear01": 3.9, "temp925": 25.6, "shear03": 18.8, "temp850": 18.8, "dewpoint500": -27.1, "mucape": 2697, "temp700": 10.0, "sblfc": 1406.23, "muli": -7.5, "mllcl": 1716.28, "mlcin": -33, "mucin": 0, "winddir300": 335.0, "ship": 0.38, "sblcl": 1406.23, "mixratio700": 3.78, "height250": 10950.0, "sfc_td": 71.24000000000001, "windspd700": 15.0, "height500": 5890.0, "dewpoint700": -5.0, "lapserate85": 6.67, "dcape": 1447.4, "mixratio01km": 14.11, "dewpoint925": 16.6, "mixratio500": 0.83, "convtemp": 36.8, "height700": 3187.0, "stp_fix": 0.0, "winddir850": 80.0, "mlli": -7.5, "mulfc": 1406.23, "temp250": -42.7, "winddir925": 120.0, "fosberg": 3.46, "scpeff": 0.0, "mixratiosfc850": 13.93, "mixratio850": 12.69, "sbcin": 0, "wbzheight": 12047.98, "mllfc": 2664.0, "windspd925": 0.99, "sbcape": 2697, "sfcwindspd": 2.99, "sfc_t": 91.03999999999999, "sfcrh": 51.2}}