{"info": {"Latitude": 47.46, "Identifier": "TFX", "Elevation(m)": 1134.0, "Longitude": -111.39}, "200430/0000": {"temp300": -39.7, "shear06": 42.7, "mixratio03km": -9999.0, "lapserate75": 7.65, "windspd850": 8.0, "winddir700": 205.0, "temp250": -49.1, "winddir250": 260.0, "mlcape": 0, "sfc_vwnd": 4.5999999999999996, "sfc_uwnd": 3.8599999999999999, "shear01": 12.2, "srh01": 41.93, "eff_srh": 0.0, "srh03": 125.24, "windspd250": 72.01, "ship": 0.0, "windspd500": 42.0, "winddir500": 260.0, "mllcl": 3101.37, "mucape": 146, "height300": 9440.0, "meltinglvl": 9051.26, "mixratio925": 0.0, "pw": 0.58, "mlcin": -9999, "temp500": -13.7, "height850": 1475.0, "mlcape03": 8.97, "dewpoint850": -0.4, "stp_eff": 0.0, "sblfc": 3199.15, "lapserate36": 7.42, "windspd700": 19.0, "temp850": 21.6, "dewpoint500": -14.5, "fosberg": 8.98, "mulfc": 3199.15, "mixratio850": 4.39, "muli": -0.5, "lapserate03": 9.41, "sbli": -0.5, "mucin": -23, "shear03": 17.9, "winddir300": 265.0, "sfc_td": 36.68, "mulcl": 2839.37, "sblcl": 2839.37, "mixratio700": 3.34, "height250": 10660.0, "dewpoint700": -6.6, "height500": 5760.0, "lapserate85": 8.33, "dcape": 704.32, "mixratio01km": -9999.0, "dewpoint925": -999.0, "mixratio500": 2.49, "convtemp": 27.6, "height700": 3110.0, "winddir850": 215.0, "windspd300": 58.0, "sfc_t": 78.08000000000001, "stp_fix": 0.0, "winddir925": -999.0, "sfcwindspd": 6.0, "scpeff": 0.0, "mixratiosfc850": 4.59, "temp700": 6.4, "sbcin": -23, "wbzheight": 6688.23, "mllfc": -999.0, "windspd925": -999.0, "sbcape": 146, "mlli": -0.5, "sfcrh": 21.77, "temp925": -999.0}}