{"info": {"Latitude": 30.45, "Identifier": "TLH", "Elevation(m)": 53.0, "Longitude": -84.3}, "200606/1200": {"temp300": -29.9, "shear06": 12.7, "mixratio03km": 11.0, "lapserate75": 5.3, "windspd850": 13.0, "winddir700": 130.0, "temp250": -40.3, "winddir250": 235.0, "mlcape": 376, "sfc_vwnd": 0.34999999999999998, "sfc_uwnd": -3.98, "shear01": 20.0, "srh01": 49.2, "eff_srh": 22.35, "srh03": -16.76, "windspd250": 41.01, "ship": 0.04, "windspd500": 12.0, "winddir500": 190.0, "mllcl": 660.61, "mucape": 716, "height300": 9700.0, "meltinglvl": 14502.07, "mixratio925": 14.71, "pw": 2.01, "mlcin": -11, "temp500": -6.3, "height850": 1544.0, "mlcape03": 127.31, "dewpoint850": 11.5, "stp_eff": 0.0, "sblfc": 766.0, "lapserate36": 5.32, "windspd700": 16.01, "temp850": 14.4, "dewpoint500": -9.7, "fosberg": 1.75, "mulfc": 766.0, "mixratio850": 10.12, "muli": -2.44, "lapserate03": 6.14, "sbli": -2.44, "mucin": -4, "shear03": 12.7, "winddir300": 210.0, "sfc_td": 72.5, "mulcl": 269.06, "sblcl": 269.06, "mixratio700": 7.28, "height250": 10970.0, "dewpoint700": 3.9, "height500": 5870.0, "lapserate85": 5.05, "dcape": 264.36, "mixratio01km": 15.51, "dewpoint925": 18.5, "mixratio500": 3.68, "convtemp": 27.6, "height700": 3167.0, "winddir850": 135.0, "windspd300": 36.0, "sfc_t": 76.28, "stp_fix": 0.0, "winddir925": 165.0, "sfcwindspd": 4.0, "scpeff": 0.0, "mixratiosfc850": 13.58, "temp700": 7.4, "sbcin": -4, "wbzheight": 13838.97, "mllfc": 6740.52, "windspd925": 23.0, "sbcape": 716, "mlli": -2.44, "sfcrh": 87.78, "temp925": 20.0}, "200606/0000": {"sfc_vwnd": 8.86, "sfc_uwnd": 1.56, "mixratio03km": 10.96, "lapserate75": 5.48, "windspd850": 10.0, "winddir700": 220.0, "lapserate36": 5.38, "winddir250": 225.0, "mlcape": 283, "windspd300": 42.0, "srh01": 67.0, "eff_srh": 71.08, "srh03": 55.97, "windspd250": 46.0, "shear06": 9.0, "temp300": -29.9, "windspd500": 14.01, "winddir500": 245.0, "lapserate03": 7.07, "height300": 9690.0, "meltinglvl": 15050.21, "mixratio925": 14.07, "pw": 1.78, "mulcl": 643.26, "temp500": -6.7, "height850": 1545.0, "sbli": -3.81, "mlcape03": 21.76, "dewpoint850": 11.9, "stp_eff": 0.0, "shear01": 6.6, "temp925": 20.4, "shear03": 5.6, "temp850": 16.8, "dewpoint500": -12.7, "mucape": 1394, "temp700": 7.4, "sblfc": 643.26, "muli": -3.81, "mllcl": 992.68, "mlcin": -41, "mucin": 0, "winddir300": 240.0, "ship": 0.06, "sblcl": 643.26, "mixratio700": 7.07, "height250": 10960.0, "sfc_td": 71.96000000000001, "windspd700": 6.99, "height500": 5880.0, "dewpoint700": 3.5, "lapserate85": 5.73, "dcape": 651.65, "mixratio01km": 14.31, "dewpoint925": 17.8, "mixratio500": 2.89, "convtemp": 30.2, "height700": 3175.0, "stp_fix": 0.0, "winddir850": 230.0, "mlli": -3.81, "mulfc": 643.26, "temp250": -41.3, "winddir925": 220.0, "fosberg": 6.46, "scpeff": 0.0, "mixratiosfc850": 13.45, "mixratio850": 10.4, "sbcin": 0, "wbzheight": 13350.67, "mllfc": 2241.99, "windspd925": 17.0, "sbcape": 1394, "sfcwindspd": 8.99, "sfc_t": 80.96000000000001, "sfcrh": 73.46}}