{"info": {"Latitude": 39.07, "Identifier": "TOP", "Elevation(m)": 270.0, "Longitude": -95.62}, "200430/0000": {"sfc_vwnd": -10.28, "sfc_uwnd": 12.26, "mixratio03km": 3.69, "lapserate75": 5.89, "windspd850": 27.99, "winddir700": 5.0, "lapserate36": 5.8, "winddir250": 355.0, "mlcape": 2, "mixratio850": 4.52, "srh01": 86.39, "eff_srh": 0.0, "srh03": 128.59, "windspd250": 97.01, "winddir500": 360.0, "sfcwindspd": 16.01, "windspd500": 69.0, "temp300": -43.1, "mllcl": 2037.47, "height300": 9300.0, "meltinglvl": 7101.87, "windspd925": 29.99, "mixratio925": 4.8, "pw": 0.53, "temp500": -17.7, "height850": 1494.0, "mlcape03": 2.38, "dewpoint850": 0.0, "stp_eff": 0.0, "shear01": 15.3, "shear03": 36.3, "ship": 0.0, "temp850": 8.0, "dewpoint500": -48.7, "mucape": 43, "temp700": -2.7, "sblfc": 1861.57, "mixratio01km": 5.18, "windspd700": 43.01, "muli": 2.5, "lapserate03": 8.49, "mlcin": -169, "mucin": -44, "winddir300": 355.0, "mulcl": 1861.57, "sblcl": 1861.57, "mixratio700": 1.61, "temp250": -47.1, "sfc_td": 42.8, "sfcrh": 36.99, "height500": 5650.0, "dewpoint700": -15.7, "lapserate85": 6.37, "dcape": 522.86, "sbli": 2.5, "dewpoint925": 2.0, "mixratio500": 0.09, "convtemp": 25.0, "height700": 3059.0, "winddir850": 340.0, "mlli": 2.5, "mulfc": 1861.57, "stp_fix": 0.0, "winddir925": 330.0, "fosberg": 19.17, "scpeff": 0.0, "mixratiosfc850": 5.06, "shear06": 73.9, "sbcin": -44, "wbzheight": 6395.33, "mllfc": 2168.0, "height250": 10520.0, "sbcape": 43, "windspd300": 102.99, "sfc_t": 69.80000000000001, "temp925": 15.0}, "200430/1200": {"temp300": -39.9, "shear06": 55.9, "mixratio03km": 2.26, "lapserate75": 5.92, "windspd850": 17.0, "winddir700": 345.0, "temp250": -49.3, "winddir250": 355.0, "mlcape": 0, "sfc_vwnd": -0.68999999999999995, "sfc_uwnd": 3.9399999999999999, "shear01": 14.1, "srh01": 9.09, "eff_srh": 0.0, "srh03": 162.05, "windspd250": 89.01, "ship": 0.0, "windspd500": 54.99, "winddir500": 340.0, "mllcl": 1407.69, "mucape": 0, "height300": 9400.0, "meltinglvl": 10322.89, "mixratio925": 4.94, "pw": 0.52, "mlcin": -9999, "temp500": -13.5, "height850": 1501.0, "mlcape03": 0.0, "dewpoint850": 0.0, "stp_eff": 0.0, "sblfc": -999.0, "lapserate36": 6.09, "windspd700": 40.0, "temp850": 7.0, "dewpoint500": -28.5, "fosberg": 2.12, "mulfc": -999.0, "mixratio850": 4.52, "muli": 5.15, "lapserate03": 3.21, "sbli": 14.59, "mucin": -9999, "shear03": 39.2, "winddir300": 345.0, "sfc_td": 44.06, "mulcl": 6231.82, "sblcl": 371.16, "mixratio700": 0.38, "height250": 10620.0, "dewpoint700": -31.8, "height500": 5720.0, "lapserate85": 5.01, "dcape": 469.53, "mixratio01km": 5.31, "dewpoint925": 2.4, "mixratio500": 0.73, "convtemp": 33.6, "height700": 3077.0, "winddir850": 330.0, "windspd300": 73.0, "sfc_t": 49.28, "stp_fix": 0.0, "winddir925": 10.0, "sfcwindspd": 4.0, "scpeff": 0.0, "mixratiosfc850": 5.19, "temp700": 2.2, "sbcin": -9999, "wbzheight": 5816.19, "mllfc": -999.0, "windspd925": 16.01, "sbcape": 0, "mlli": 5.15, "sfcrh": 81.92, "temp925": 12.4}}