{"info": {"Latitude": 32.11, "Identifier": "TUS", "Elevation(m)": 779.0, "Longitude": -110.93}, "200430/0000": {"sfc_vwnd": -2.95, "sfc_uwnd": -0.52, "mixratio03km": 3.05, "lapserate75": 7.87, "windspd850": 6.0, "winddir700": 150.0, "lapserate36": 7.29, "winddir250": 325.0, "mlcape": 0, "mixratio850": 2.84, "srh01": -1.9, "eff_srh": 0.0, "srh03": -37.45, "windspd250": 19.0, "winddir500": 305.0, "sfcwindspd": 2.99, "windspd500": 4.99, "temp300": -38.7, "mllcl": 4927.39, "height300": 9640.0, "meltinglvl": 12761.75, "windspd925": 2.99, "mixratio925": 3.08, "pw": 0.45, "temp500": -8.3, "height850": 1520.0, "mlcape03": 402.35, "dewpoint850": -6.2, "stp_eff": 0.0, "shear01": 5.5, "shear03": 7.5, "ship": 0.0, "temp850": 28.8, "dewpoint500": -28.3, "mucape": 0, "temp700": 12.6, "sblfc": -999.0, "mixratio01km": 3.1, "windspd700": 6.0, "muli": 4.28, "lapserate03": 9.99, "mlcin": -9999, "mucin": -9999, "winddir300": 295.0, "mulcl": 4985.59, "sblcl": 5093.22, "mixratio700": 3.14, "temp250": -47.9, "sfc_td": 23.36, "sfcrh": 6.31, "height500": 5900.0, "dewpoint700": -7.4, "lapserate85": 8.56, "dcape": 1785.06, "sbli": 4.52, "dewpoint925": -4.0, "mixratio500": 0.74, "convtemp": 44.2, "height700": 3192.0, "winddir850": 265.0, "mlli": 4.28, "mulfc": -999.0, "stp_fix": 0.0, "winddir925": 5.0, "fosberg": 6.01, "scpeff": 0.0, "mixratiosfc850": 3.06, "shear06": 6.7, "sbcin": -9999, "wbzheight": 9519.94, "mllfc": -999.0, "height250": 10870.0, "sbcape": 0, "windspd300": 14.01, "sfc_t": 98.96000000000001, "temp925": 37.0}, "200430/1200": {"temp300": -33.9, "shear06": 11.9, "mixratio03km": 4.18, "lapserate75": 7.56, "windspd850": 6.0, "winddir700": 180.0, "temp250": -44.5, "winddir250": 315.0, "mlcape": 0, "sfc_vwnd": 4.3300000000000001, "sfc_uwnd": -2.5, "shear01": 12.8, "srh01": -6.1, "eff_srh": 0.0, "srh03": 48.31, "windspd250": 39.01, "ship": 0.0, "windspd500": 12.0, "winddir500": 215.0, "mllcl": 3445.33, "mucape": 0, "height300": 9640.0, "meltinglvl": 13221.66, "mixratio925": 4.53, "pw": 0.52, "mlcin": -9999, "temp500": -7.9, "height850": 1516.0, "mlcape03": 133.67, "dewpoint850": -0.6, "stp_eff": 0.0, "sblfc": -999.0, "lapserate36": 7.28, "windspd700": 10.0, "temp850": 24.4, "dewpoint500": -36.9, "fosberg": 7.46, "mulfc": -999.0, "mixratio850": 4.32, "muli": 4.14, "lapserate03": 5.5, "sbli": 10.57, "mucin": -9999, "shear03": 16.1, "winddir300": 315.0, "sfc_td": 33.8, "mulcl": 4504.74, "sblcl": 2777.32, "mixratio700": 3.78, "height250": 10890.0, "dewpoint700": -5.0, "height500": 5890.0, "lapserate85": 7.55, "dcape": 1482.07, "mixratio01km": 4.45, "dewpoint925": 1.2, "mixratio500": 0.32, "convtemp": 41.0, "height700": 3177.0, "winddir850": 360.0, "windspd300": 25.99, "sfc_t": 73.4, "stp_fix": 0.0, "winddir925": 150.0, "sfcwindspd": 4.99, "scpeff": 0.0, "mixratiosfc850": 4.35, "temp700": 12.0, "sbcin": -9999, "wbzheight": 9644.03, "mllfc": -999.0, "windspd925": 6.0, "sbcape": 0, "mlli": 4.14, "sfcrh": 22.83, "temp925": 23.2}}