{"info": {"Latitude": 47.95, "Identifier": "UIL", "Elevation(m)": 62.0, "Longitude": -124.55}, "200430/0000": {"temp300": -46.5, "shear06": 53.1, "mixratio03km": 6.43, "lapserate75": 6.7, "windspd850": 36.0, "winddir700": 200.0, "temp250": -52.1, "winddir250": 215.0, "mlcape": 0, "sfc_vwnd": 9.8499999999999996, "sfc_uwnd": -1.74, "shear01": 30.8, "srh01": 296.4, "eff_srh": 0.0, "srh03": 317.5, "windspd250": 90.0, "ship": 0.0, "windspd500": 65.0, "winddir500": 215.0, "mllcl": 486.24, "mucape": 5, "height300": 9220.0, "meltinglvl": 8517.8, "mixratio925": 7.22, "pw": 0.97, "mlcin": -9999, "temp500": -18.7, "height850": 1440.0, "mlcape03": 0.0, "dewpoint850": 5.6, "stp_eff": 0.0, "sblfc": 592.19, "lapserate36": 6.74, "windspd700": 43.01, "temp850": 5.8, "dewpoint500": -28.7, "fosberg": 1.17, "mulfc": 4007.87, "mixratio850": 6.75, "muli": 0.66, "lapserate03": 4.86, "sbli": 4.96, "mucin": -28, "shear03": 34.8, "winddir300": 220.0, "sfc_td": 52.879999999999995, "mulcl": 1838.03, "sblcl": -0.0, "mixratio700": 4.33, "height250": 10410.0, "dewpoint700": -3.2, "height500": 5610.0, "lapserate85": 6.12, "dcape": 239.77, "mixratio01km": 7.57, "dewpoint925": 7.8, "mixratio500": 0.72, "convtemp": 21.6, "height700": 3012.0, "winddir850": 200.0, "windspd300": 81.99, "sfc_t": 52.879999999999995, "stp_fix": 0.0, "winddir925": 195.0, "sfcwindspd": 10.0, "scpeff": 0.0, "mixratiosfc850": 7.36, "temp700": -1.9, "sbcin": -567, "wbzheight": 8152.05, "mllfc": -999.0, "windspd925": 39.01, "sbcape": 0, "mlli": 0.66, "sfcrh": 100.0, "temp925": 7.8}}