{"info": {"Latitude": 37.93, "Identifier": "WAL", "Elevation(m)": 12.0, "Longitude": -75.47}, "200430/0000": {"sfc_vwnd": 15.04, "sfc_uwnd": -5.47, "mixratio03km": 6.24, "lapserate75": 6.3, "windspd850": 25.0, "winddir700": 200.0, "lapserate36": 6.25, "winddir250": 270.0, "mlcape": 0, "mixratio850": 7.81, "srh01": 81.88, "eff_srh": 0.0, "srh03": 106.38, "windspd250": 45.01, "winddir500": 230.0, "sfcwindspd": 16.01, "windspd500": 38.0, "temp300": -37.1, "mllcl": 979.11, "height300": 9450.0, "meltinglvl": 11292.51, "windspd925": 29.99, "mixratio925": 8.17, "pw": 1.06, "temp500": -14.1, "height850": 1524.0, "mlcape03": 0.0, "dewpoint850": 7.7, "stp_eff": 0.0, "shear01": 12.5, "shear03": 14.7, "ship": 0.0, "temp850": 10.2, "dewpoint500": -30.1, "mucape": 70, "temp700": 2.0, "sblfc": -999.0, "mixratio01km": 9.23, "windspd700": 23.0, "muli": 0.11, "lapserate03": 4.99, "mlcin": -9999, "mucin": -55, "winddir300": 250.0, "mulcl": 819.66, "sblcl": 369.6, "mixratio700": 3.5, "temp250": -46.9, "sfc_td": 56.3, "sfcrh": 82.69, "height500": 5750.0, "dewpoint700": -6.0, "lapserate85": 6.04, "dcape": 369.35, "sbli": 4.94, "dewpoint925": 9.6, "mixratio500": 0.63, "convtemp": 26.4, "height700": 3119.0, "winddir850": 190.0, "mlli": 0.11, "mulfc": 6389.0, "stp_fix": 0.0, "winddir925": 175.0, "fosberg": 7.87, "scpeff": 0.0, "mixratiosfc850": 9.08, "shear06": 40.7, "sbcin": -9999, "wbzheight": 8839.06, "mllfc": -999.0, "height250": 10680.0, "sbcape": 0, "windspd300": 40.0, "sfc_t": 61.519999999999996, "temp925": 15.6}, "200430/1200": {"temp300": -37.5, "shear06": 39.4, "mixratio03km": 3.63, "lapserate75": 5.71, "windspd850": 56.0, "winddir700": 185.0, "temp250": -47.5, "winddir250": 240.0, "mlcape": 20, "sfc_vwnd": 20.780000000000001, "sfc_uwnd": -12.0, "shear01": 34.9, "srh01": 194.37, "eff_srh": 0.0, "srh03": 195.85, "windspd250": 75.0, "ship": 0.0, "windspd500": 49.01, "winddir500": 205.0, "mllcl": 824.81, "mucape": 66, "height300": 9440.0, "meltinglvl": 11788.07, "mixratio925": 8.81, "pw": 1.01, "mlcin": -454, "temp500": -11.1, "height850": 1489.0, "mlcape03": 19.98, "dewpoint850": 6.5, "stp_eff": 0.0, "sblfc": 2243.44, "lapserate36": 5.97, "windspd700": 49.01, "temp850": 8.2, "dewpoint500": -30.1, "fosberg": 13.12, "mulfc": 1207.0, "mixratio850": 7.19, "muli": 4.8, "lapserate03": 4.07, "sbli": 10.29, "mucin": -209, "shear03": 32.2, "winddir300": 230.0, "sfc_td": 53.24, "mulcl": 918.6, "sblcl": 432.75, "mixratio700": 2.91, "height250": 10670.0, "dewpoint700": -8.4, "height500": 5720.0, "lapserate85": 4.83, "dcape": 153.79, "mixratio01km": 8.98, "dewpoint925": 10.7, "mixratio500": 0.63, "convtemp": 28.2, "height700": 3076.0, "winddir850": 180.0, "windspd300": 66.01, "sfc_t": 59.36, "stp_fix": 0.0, "winddir925": 175.0, "sfcwindspd": 24.01, "scpeff": 0.0, "mixratiosfc850": 8.77, "temp700": 3.6, "sbcin": -988, "wbzheight": 7220.26, "mllfc": 1658.52, "windspd925": 54.0, "sbcape": 1, "mlli": 4.8, "sfcrh": 79.85, "temp925": 14.0}}