{"info": {"Latitude": 82.5, "Identifier": "WLT", "Elevation(m)": 65.0, "Longitude": -62.33}, "200605/1200": {"sfc_vwnd": 12.26, "sfc_uwnd": 10.28, "mixratio03km": 1.19, "lapserate75": 5.89, "windspd850": 4.0, "winddir700": 335.0, "lapserate36": 6.18, "winddir250": 340.0, "mlcape": 0, "windspd300": 10.99, "srh01": 79.48, "eff_srh": 0.0, "srh03": 127.82, "windspd250": 4.99, "shear06": 21.8, "temp300": -49.3, "windspd500": 2.99, "winddir500": 30.0, "lapserate03": 6.19, "height300": 8820.0, "meltinglvl": -999.0, "mixratio925": 1.42, "pw": 0.2, "mulcl": 4899.86, "temp500": -32.7, "height850": 1474.0, "sbli": 12.5, "mlcape03": 0.0, "dewpoint850": -16.9, "stp_eff": 0.0, "shear01": 11.3, "temp925": -3.9, "shear03": 16.2, "temp850": -9.9, "dewpoint500": -42.7, "mucape": 0, "temp700": -18.3, "sblfc": -999.0, "muli": 3.7, "mllcl": 1453.16, "mlcin": -9999, "mucin": -9999, "winddir300": 20.0, "ship": 0.0, "sblcl": 572.01, "mixratio700": 0.44, "height250": 10030.0, "sfc_td": 23.0, "windspd700": 2.99, "height500": 5390.0, "dewpoint700": -30.3, "lapserate85": 5.86, "dcape": 103.91, "mixratio01km": 1.75, "dewpoint925": -13.9, "mixratio500": 0.18, "convtemp": 16.5, "height700": 2940.0, "stp_fix": 0.0, "winddir850": 200.0, "mlli": 3.7, "mulfc": -999.0, "temp250": -44.3, "winddir925": 265.0, "fosberg": 10.72, "scpeff": 0.0, "mixratiosfc850": 1.69, "mixratio850": 1.2, "sbcin": -9999, "wbzheight": -999.0, "mllfc": -999.0, "windspd925": 6.0, "sbcape": 0, "sfcwindspd": 16.01, "sfc_t": 31.1, "sfcrh": 71.45}, "200606/0000": {"temp300": -49.5, "shear06": 6.8, "mixratio03km": 1.41, "lapserate75": 6.22, "windspd850": 6.0, "winddir700": 5.0, "temp250": -43.3, "winddir250": 335.0, "mlcape": 0, "sfc_vwnd": -1.3700000000000001, "sfc_uwnd": 3.7599999999999998, "shear01": 6.2, "srh01": 23.87, "eff_srh": 0.0, "srh03": 39.63, "windspd250": 4.99, "ship": 0.0, "windspd500": 6.0, "winddir500": 25.0, "mllcl": 765.44, "mucape": 0, "height300": 8800.0, "meltinglvl": -999.0, "mixratio925": 2.05, "pw": 0.23, "mlcin": -9999, "temp500": -32.1, "height850": 1431.0, "mlcape03": 0.0, "dewpoint850": -17.1, "stp_eff": 0.0, "sblfc": -999.0, "lapserate36": 6.37, "windspd700": 10.0, "temp850": -10.1, "dewpoint500": -41.1, "fosberg": 1.67, "mulfc": -999.0, "mixratio850": 1.18, "muli": 3.4, "lapserate03": 5.61, "sbli": 12.8, "mucin": -9999, "shear03": 9.1, "winddir300": 10.0, "sfc_td": 25.88, "mulcl": 5508.54, "sblcl": 273.48, "mixratio700": 0.8, "height250": 10010.0, "dewpoint700": -23.9, "height500": 5360.0, "lapserate85": 5.64, "dcape": 49.59, "mixratio01km": 2.28, "dewpoint925": -9.3, "mixratio500": 0.21, "convtemp": 15.7, "height700": 2902.0, "winddir850": 40.0, "windspd300": 8.99, "sfc_t": 29.66, "stp_fix": 0.0, "winddir925": 320.0, "sfcwindspd": 4.0, "scpeff": 0.0, "mixratiosfc850": 2.06, "temp700": -16.9, "sbcin": -9999, "wbzheight": -999.0, "mllfc": -999.0, "windspd925": 4.99, "sbcape": 0, "mlli": 3.4, "sfcrh": 85.52, "temp925": -5.3}}