{"info": {"Latitude": 58.45, "Identifier": "WPH", "Elevation(m)": 24.0, "Longitude": -78.11}, "200606/1200": {"temp300": -45.5, "shear06": 32.0, "mixratio03km": 2.47, "lapserate75": 5.26, "windspd850": 16.01, "winddir700": 350.0, "temp250": -54.1, "winddir250": 315.0, "mlcape": 0, "sfc_vwnd": -7.8799999999999999, "sfc_uwnd": 1.3899999999999999, "shear01": 7.2, "srh01": 34.48, "eff_srh": 0.0, "srh03": 55.02, "windspd250": 41.01, "ship": 0.0, "windspd500": 39.01, "winddir500": 345.0, "mllcl": 977.13, "mucape": 0, "height300": 9180.0, "meltinglvl": 56.65, "mixratio925": 2.18, "pw": 0.54, "mlcin": -9999, "temp500": -16.7, "height850": 1415.0, "mlcape03": 0.0, "dewpoint850": -8.5, "stp_eff": 0.0, "sblfc": 111.87, "lapserate36": 5.61, "windspd700": 18.01, "temp850": -0.5, "dewpoint500": -29.7, "fosberg": 1.82, "mulfc": -999.0, "mixratio850": 2.37, "muli": 4.63, "lapserate03": 1.31, "sbli": 25.89, "mucin": -9999, "shear03": 10.5, "winddir300": 330.0, "sfc_td": 30.74, "mulcl": 4362.25, "sblcl": 111.87, "mixratio700": 3.29, "height250": 10370.0, "dewpoint700": -6.8, "height500": 5550.0, "lapserate85": 3.99, "dcape": -138.46, "mixratio01km": 2.38, "dewpoint925": -8.5, "mixratio500": 0.65, "convtemp": -9999.0, "height700": 2959.0, "winddir850": 325.0, "windspd300": 38.0, "sfc_t": 32.36, "stp_fix": 0.0, "winddir925": 330.0, "sfcwindspd": 8.0, "scpeff": 0.0, "mixratiosfc850": 1.96, "temp700": -3.5, "sbcin": -2619, "wbzheight": -999.0, "mllfc": -999.0, "windspd925": 12.0, "sbcape": 3, "mlli": 4.63, "sfcrh": 93.62, "temp925": -2.5}, "200606/0000": {"sfc_vwnd": -11.26, "sfc_uwnd": 6.5, "mixratio03km": 2.69, "lapserate75": 4.11, "windspd850": 8.0, "winddir700": 315.0, "lapserate36": 4.72, "winddir250": 15.0, "mlcape": 0, "windspd300": 52.99, "srh01": 2.46, "eff_srh": 0.0, "srh03": 33.72, "windspd250": 43.01, "shear06": 28.4, "temp300": -43.3, "windspd500": 37.01, "winddir500": 5.0, "lapserate03": 4.49, "height300": 9140.0, "meltinglvl": 4056.27, "mixratio925": 3.91, "pw": 0.44, "mulcl": 6803.05, "temp500": -17.7, "height850": 1405.0, "sbli": 19.36, "mlcape03": 0.0, "dewpoint850": -4.8, "stp_eff": 0.0, "shear01": 10.8, "temp925": 2.6, "shear03": 2.2, "temp850": -0.7, "dewpoint500": -38.7, "mucape": 0, "temp700": -7.3, "sblfc": -999.0, "muli": 7.49, "mllcl": 798.35, "mlcin": -9999, "mucin": -9999, "winddir300": 10.0, "ship": 0.0, "sblcl": 534.51, "mixratio700": 1.53, "height250": 10350.0, "sfc_td": 33.98, "windspd700": 12.0, "height500": 5520.0, "dewpoint700": -16.3, "lapserate85": 4.25, "dcape": -10.54, "mixratio01km": 3.95, "dewpoint925": -0.8, "mixratio500": 0.27, "convtemp": -9999.0, "height700": 2938.0, "stp_fix": 0.0, "winddir850": 340.0, "mlli": 7.49, "mulfc": -999.0, "temp250": -50.3, "winddir925": 240.0, "fosberg": 8.42, "scpeff": 0.0, "mixratiosfc850": 3.86, "mixratio850": 3.16, "sbcin": -9999, "wbzheight": 3056.99, "mllfc": -999.0, "windspd925": 8.0, "sbcape": 0, "sfcwindspd": 13.0, "sfc_t": 41.72, "sfcrh": 73.6}}