{"info": {"Latitude": 28.46, "Identifier": "XMR", "Elevation(m)": 3.0, "Longitude": -80.55}, "200430/0000": {"temp300": -35.5, "shear06": 35.5, "mixratio03km": 6.64, "lapserate75": 7.39, "windspd850": 18.01, "winddir700": 240.0, "temp250": -46.5, "winddir250": 310.0, "mlcape": 452, "sfc_vwnd": 7.6600000000000001, "sfc_uwnd": -6.4299999999999997, "shear01": 12.4, "srh01": 139.96, "eff_srh": 76.83, "srh03": 201.95, "windspd250": 58.0, "ship": 0.86, "windspd500": 31.99, "winddir500": 235.0, "mllcl": 1184.18, "mucape": 1837, "height300": 9550.0, "meltinglvl": 13270.39, "mixratio925": 11.42, "pw": 1.11, "mlcin": -123, "temp500": -12.1, "height850": 1526.0, "mlcape03": 0.0, "dewpoint850": 9.0, "stp_eff": 0.05, "sblfc": 958.14, "lapserate36": 7.45, "windspd700": 18.01, "temp850": 15.0, "dewpoint500": -21.1, "fosberg": 7.16, "mulfc": 958.14, "mixratio850": 8.54, "muli": -6.5, "lapserate03": 6.52, "sbli": -6.5, "mucin": -1, "shear03": 22.4, "winddir300": 315.0, "sfc_td": 69.08000000000001, "mulcl": 647.85, "sblcl": 647.85, "mixratio700": 1.52, "height250": 10790.0, "dewpoint700": -16.4, "height500": 5820.0, "lapserate85": 6.6, "dcape": 839.54, "mixratio01km": 12.04, "dewpoint925": 14.6, "mixratio500": 1.42, "convtemp": 31.6, "height700": 3151.0, "winddir850": 215.0, "windspd300": 54.99, "sfc_t": 78.08000000000001, "stp_fix": 1.01, "winddir925": 175.0, "sfcwindspd": 10.0, "scpeff": 2.4, "mixratiosfc850": 11.46, "temp700": 7.6, "sbcin": -1, "wbzheight": 9149.91, "mllfc": 3494.41, "windspd925": 18.01, "sbcape": 1837, "mlli": -6.5, "sfcrh": 73.25, "temp925": 19.6}}