{"info": {"Latitude": 68.31, "Identifier": "YEV", "Elevation(m)": 103.0, "Longitude": -133.53}, "200606/1200": {"temp300": -49.1, "shear06": 7.1, "mixratio03km": 2.18, "lapserate75": 6.83, "windspd850": 10.0, "winddir700": 65.0, "temp250": -49.7, "winddir250": 55.0, "mlcape": 0, "sfc_vwnd": 0.60999999999999999, "sfc_uwnd": -6.9699999999999998, "shear01": 1.8, "srh01": 21.19, "eff_srh": 0.0, "srh03": 41.02, "windspd250": 10.0, "ship": 0.0, "windspd500": 8.99, "winddir500": 50.0, "mllcl": 1775.93, "mucape": 0, "height300": 8970.0, "meltinglvl": 4460.48, "mixratio925": 2.86, "pw": 0.34, "mlcin": -9999, "temp500": -27.9, "height850": 1463.0, "mlcape03": 0.0, "dewpoint850": -10.0, "stp_eff": 0.0, "sblfc": -999.0, "lapserate36": 7.17, "windspd700": 8.99, "temp850": 0.0, "dewpoint500": -38.9, "fosberg": 6.73, "mulfc": -999.0, "mixratio850": 2.11, "muli": 3.23, "lapserate03": 6.54, "sbli": 8.65, "mucin": -9999, "shear03": 3.7, "winddir300": 25.0, "sfc_td": 29.12, "mulcl": 5156.75, "sblcl": 1127.34, "mixratio700": 1.34, "height250": 10160.0, "dewpoint700": -17.9, "height500": 5490.0, "lapserate85": 7.01, "dcape": 282.21, "mixratio01km": 2.95, "dewpoint925": -5.0, "mixratio500": 0.26, "convtemp": 20.4, "height700": 2976.0, "winddir850": 90.0, "windspd300": 4.99, "sfc_t": 45.32, "stp_fix": 0.0, "winddir925": 125.0, "sfcwindspd": 6.99, "scpeff": 0.0, "mixratiosfc850": 2.83, "temp700": -10.9, "sbcin": -9999, "wbzheight": 2877.18, "mllfc": -999.0, "windspd925": 8.99, "sbcape": 0, "mlli": 3.23, "sfcrh": 52.54, "temp925": 6.0}, "200606/0000": {"sfc_vwnd": -0.61, "sfc_uwnd": -6.97, "mixratio03km": 1.84, "lapserate75": 6.81, "windspd850": 8.0, "winddir700": 50.0, "lapserate36": 6.79, "winddir250": 40.0, "mlcape": 7, "windspd300": 23.0, "srh01": 21.24, "eff_srh": 0.0, "srh03": 17.24, "windspd250": 10.99, "shear06": 12.4, "temp300": -51.3, "windspd500": 10.99, "winddir500": 30.0, "lapserate03": 8.91, "height300": 9000.0, "meltinglvl": 4427.29, "mixratio925": 2.57, "pw": 0.32, "mulcl": 2194.67, "temp500": -27.3, "height850": 1463.0, "sbli": 3.52, "mlcape03": 6.75, "dewpoint850": -8.1, "stp_eff": 0.0, "shear01": 6.0, "temp925": 6.6, "shear03": 4.5, "temp850": -0.1, "dewpoint500": -38.3, "mucape": 25, "temp700": -10.3, "sblfc": 2194.67, "muli": 3.52, "mllcl": 2267.58, "mlcin": -351, "mucin": -218, "winddir300": 45.0, "ship": 0.0, "sblcl": 2194.67, "mixratio700": 0.77, "height250": 10180.0, "sfc_td": 27.32, "windspd700": 6.99, "height500": 5500.0, "dewpoint700": -24.3, "lapserate85": 6.83, "dcape": 320.45, "mixratio01km": 2.81, "dewpoint925": -6.4, "mixratio500": 0.28, "convtemp": 21.4, "height700": 2991.0, "stp_fix": 0.0, "winddir850": 55.0, "mlli": 3.52, "mulfc": 2194.67, "temp250": -51.9, "winddir925": 55.0, "fosberg": 9.38, "scpeff": 0.0, "mixratiosfc850": 2.77, "mixratio850": 2.45, "sbcin": -218, "wbzheight": 3022.08, "mllfc": 2267.58, "windspd925": 12.0, "sbcape": 25, "sfcwindspd": 6.99, "sfc_t": 59.72, "sfcrh": 28.49}}