{"info": {"Latitude": 49.93, "Identifier": "YLW", "Elevation(m)": 456.0, "Longitude": -119.38}, "170701/0000": {"temp300": -37.5, "shear06": 12.4, "mixratio03km": 5.43, "lapserate75": 6.43, "windspd850": 8.0, "winddir700": 255.0, "temp250": -47.7, "winddir250": 215.0, "mlcape": 1, "sfc_vwnd": 0.34999999999999998, "sfc_uwnd": 3.98, "shear01": 6.9, "srh01": 1.11, "eff_srh": 0.0, "srh03": 19.9, "windspd250": 29.99, "ship": 0.0, "windspd500": 10.99, "winddir500": 255.0, "mllcl": 2961.25, "mucape": 177, "height300": 9560.0, "meltinglvl": 11182.28, "mixratio925": 6.56, "pw": 0.87, "mlcin": -181, "temp500": -10.3, "height850": 1512.0, "mlcape03": 0.0, "dewpoint850": 4.0, "stp_eff": 0.0, "sblfc": 2897.0, "lapserate36": 6.25, "windspd700": 8.0, "temp850": 21.0, "dewpoint500": -16.3, "fosberg": 6.11, "mulfc": 2897.0, "mixratio850": 6.03, "muli": -0.75, "lapserate03": 9.61, "sbli": -0.75, "mucin": -2, "shear03": 6.4, "winddir300": 220.0, "sfc_td": 49.64, "mulcl": 2738.67, "sblcl": 2738.67, "mixratio700": 4.88, "height250": 10790.0, "dewpoint700": -1.6, "height500": 5820.0, "lapserate85": 7.43, "dcape": 1427.5, "mixratio01km": 6.65, "dewpoint925": 6.4, "mixratio500": 2.15, "convtemp": 34.8, "height700": 3148.0, "winddir850": 195.0, "windspd300": 22.01, "sfc_t": 89.24000000000001, "stp_fix": 0.0, "winddir925": 225.0, "sfcwindspd": 4.0, "scpeff": 0.0, "mixratiosfc850": 6.54, "temp700": 6.4, "sbcin": -2, "wbzheight": 9951.17, "mllfc": 3583.06, "windspd925": 4.0, "sbcape": 177, "mlli": -0.75, "sfcrh": 24.79, "temp925": 27.4}, "170630/1200": {"sfc_vwnd": -0.82, "sfc_uwnd": 0.57, "mixratio03km": 6.45, "lapserate75": 5.59, "windspd850": 8.99, "winddir700": 0.0, "lapserate36": 5.55, "winddir250": 320.0, "mlcape": 0, "windspd300": 24.01, "srh01": 21.83, "eff_srh": 0.0, "srh03": 0.22, "windspd250": 21.0, "shear06": 15.2, "temp300": -36.5, "windspd500": 16.01, "winddir500": 295.0, "lapserate03": 4.74, "height300": 9570.0, "meltinglvl": 11756.37, "mixratio925": 6.47, "pw": 0.96, "mulcl": 5357.06, "temp500": -10.3, "height850": 1534.0, "sbli": 9.94, "mlcape03": 0.0, "dewpoint850": 4.8, "stp_eff": 0.0, "shear01": 10.8, "temp925": 20.2, "shear03": 4.6, "temp850": 15.8, "dewpoint500": -17.3, "mucape": 0, "temp700": 4.0, "sblfc": -999.0, "muli": 2.2, "mllcl": 1866.18, "mlcin": -9999, "mucin": -9999, "winddir300": 325.0, "ship": 0.0, "sblcl": 774.43, "mixratio700": 5.53, "height250": 10800.0, "sfc_td": 48.56, "windspd700": 0.0, "height500": 5820.0, "dewpoint700": 0.1, "lapserate85": 6.28, "dcape": 476.95, "mixratio01km": 6.82, "dewpoint925": 6.2, "mixratio500": 1.97, "convtemp": 35.2, "height700": 3152.0, "stp_fix": 0.0, "winddir850": 215.0, "mlli": 2.2, "mulfc": -999.0, "temp250": -46.5, "winddir925": 180.0, "fosberg": 1.54, "scpeff": 0.0, "mixratiosfc850": 6.71, "mixratio850": 6.38, "sbcin": -9999, "wbzheight": 9696.5, "mllfc": -999.0, "windspd925": 6.99, "sbcape": 0, "sfcwindspd": 0.99, "sfc_t": 59.36, "sfcrh": 66.96}}