{"info": {"Latitude": 51.26, "Identifier": "YMO", "Elevation(m)": 10.0, "Longitude": -80.65}, "200606/1200": {"temp300": -43.9, "shear06": 12.3, "mixratio03km": 2.95, "lapserate75": 4.6, "windspd850": 4.99, "winddir700": 340.0, "temp250": -50.3, "winddir250": 65.0, "mlcape": 0, "sfc_vwnd": -6.1299999999999999, "sfc_uwnd": 5.1399999999999997, "shear01": 5.8, "srh01": 33.18, "eff_srh": 0.0, "srh03": -14.81, "windspd250": 33.99, "ship": 0.0, "windspd500": 18.01, "winddir500": 10.0, "mllcl": 986.55, "mucape": 0, "height300": 9190.0, "meltinglvl": 1946.84, "mixratio925": 3.06, "pw": 0.58, "mlcin": -9999, "temp500": -18.5, "height850": 1447.0, "mlcape03": 0.0, "dewpoint850": -4.3, "stp_eff": 0.0, "sblfc": -999.0, "lapserate36": 4.86, "windspd700": 15.0, "temp850": -1.9, "dewpoint500": -24.5, "fosberg": 3.88, "mulfc": -999.0, "mixratio850": 3.28, "muli": 2.61, "lapserate03": 4.0, "sbli": 19.2, "mucin": -9999, "shear03": 7.3, "winddir300": 65.0, "sfc_td": 35.6, "mulcl": 4726.54, "sblcl": 335.49, "mixratio700": 1.75, "height250": 10400.0, "dewpoint700": -14.7, "height500": 5580.0, "lapserate85": 4.11, "dcape": -53.86, "mixratio01km": 3.18, "dewpoint925": -4.1, "mixratio500": 1.05, "convtemp": -9999.0, "height700": 2989.0, "winddir850": 20.0, "windspd300": 38.0, "sfc_t": 40.64, "stp_fix": 0.0, "winddir925": 355.0, "sfcwindspd": 8.0, "scpeff": 0.0, "mixratiosfc850": 3.2, "temp700": -6.7, "sbcin": -9999, "wbzheight": 1188.24, "mllfc": -999.0, "windspd925": 17.0, "sbcape": 0, "mlli": 2.61, "sfcrh": 81.92, "temp925": -1.3}, "200606/0000": {"sfc_vwnd": -9.01, "sfc_uwnd": -6.31, "mixratio03km": 2.9, "lapserate75": 5.5, "windspd850": 12.0, "winddir700": 290.0, "lapserate36": 5.5, "winddir250": 285.0, "mlcape": 0, "windspd300": 10.99, "srh01": -31.15, "eff_srh": 0.0, "srh03": 41.73, "windspd250": 4.0, "shear06": 29.7, "temp300": -43.7, "windspd500": 25.0, "winddir500": 265.0, "lapserate03": 3.74, "height300": 9180.0, "meltinglvl": 7443.61, "mixratio925": 3.48, "pw": 0.53, "mulcl": 4233.75, "temp500": -18.1, "height850": 1418.0, "sbli": 17.83, "mlcape03": 0.0, "dewpoint850": -3.8, "stp_eff": 0.0, "shear01": 11.8, "temp925": 4.6, "shear03": 27.1, "temp850": 5.2, "dewpoint500": -27.1, "mucape": 0, "temp700": -4.3, "sblfc": -999.0, "muli": 4.39, "mllcl": 1223.1, "mlcin": -9999, "mucin": -9999, "winddir300": 75.0, "ship": 0.0, "sblcl": 624.01, "mixratio700": 3.19, "height250": 10390.0, "sfc_td": 34.88, "windspd700": 22.01, "height500": 5570.0, "dewpoint700": -7.2, "lapserate85": 5.72, "dcape": -1.05, "mixratio01km": 3.18, "dewpoint925": -2.4, "mixratio500": 0.83, "convtemp": -9999.0, "height700": 2992.0, "stp_fix": 0.0, "winddir850": 295.0, "mlli": 4.39, "mulfc": -999.0, "temp250": -48.3, "winddir925": 355.0, "fosberg": 7.88, "scpeff": 0.0, "mixratiosfc850": 2.75, "mixratio850": 3.41, "sbcin": -9999, "wbzheight": 3163.9, "mllfc": -999.0, "windspd925": 19.0, "sbcape": 0, "sfcwindspd": 10.99, "sfc_t": 43.879999999999995, "sfcrh": 70.17}}