{"info": {"Latitude": 60.03, "Identifier": "YSM", "Elevation(m)": 204.0, "Longitude": -111.93}, "200606/1200": {"temp300": -48.1, "shear06": 15.7, "mixratio03km": 2.58, "lapserate75": 6.57, "windspd850": 19.0, "winddir700": 130.0, "temp250": -54.3, "winddir250": 255.0, "mlcape": 0, "sfc_vwnd": -3.9399999999999999, "sfc_uwnd": -0.68999999999999995, "shear01": 22.0, "srh01": 58.96, "eff_srh": 0.0, "srh03": 14.1, "windspd250": 72.01, "ship": 0.0, "windspd500": 12.0, "winddir500": 245.0, "mllcl": 1451.66, "mucape": 0, "height300": 9150.0, "meltinglvl": 5912.82, "mixratio925": 4.09, "pw": 0.42, "mlcin": -9999, "temp500": -22.3, "height850": 1484.0, "mlcape03": 0.0, "dewpoint850": -4.4, "stp_eff": 0.0, "sblfc": -999.0, "lapserate36": 7.29, "windspd700": 6.99, "temp850": 3.6, "dewpoint500": -48.3, "fosberg": 3.71, "mulfc": -999.0, "mixratio850": 3.26, "muli": 1.82, "lapserate03": 5.06, "sbli": 9.51, "mucin": -9999, "shear03": 8.6, "winddir300": 255.0, "sfc_td": 36.32, "mulcl": 4456.75, "sblcl": 889.76, "mixratio700": 1.61, "height250": 10330.0, "dewpoint700": -15.7, "height500": 5600.0, "lapserate85": 6.42, "dcape": 237.66, "mixratio01km": 4.37, "dewpoint925": -0.2, "mixratio500": 0.1, "convtemp": 23.4, "height700": 3034.0, "winddir850": 135.0, "windspd300": 64.01, "sfc_t": 48.92, "stp_fix": 0.0, "winddir925": 145.0, "sfcwindspd": 4.0, "scpeff": 0.0, "mixratiosfc850": 4.23, "temp700": -5.7, "sbcin": -9999, "wbzheight": 4421.59, "mllfc": -999.0, "windspd925": 17.0, "sbcape": 0, "mlli": 1.82, "sfcrh": 61.3, "temp925": 9.8}, "200606/0000": {"sfc_vwnd": 5.36, "sfc_uwnd": -4.5, "mixratio03km": 2.33, "lapserate75": 7.0, "windspd850": 14.01, "winddir700": 160.0, "lapserate36": 7.07, "winddir250": 225.0, "mlcape": 0, "windspd300": 31.0, "srh01": 29.74, "eff_srh": 0.0, "srh03": 82.77, "windspd250": 25.99, "shear06": 14.9, "temp300": -52.5, "windspd500": 23.0, "winddir500": 185.0, "lapserate03": 8.53, "height300": 9110.0, "meltinglvl": 6762.98, "mixratio925": 4.03, "pw": 0.41, "mulcl": 2102.27, "temp500": -23.3, "height850": 1486.0, "sbli": 2.32, "mlcape03": 0.0, "dewpoint850": -1.6, "stp_eff": 0.0, "shear01": 7.9, "temp925": 11.6, "shear03": 17.9, "temp850": 4.4, "dewpoint500": -30.3, "mucape": 0, "temp700": -5.5, "sblfc": -999.0, "muli": 2.32, "mllcl": 2073.17, "mlcin": -9999, "mucin": -9999, "winddir300": 195.0, "ship": 0.0, "sblcl": 2102.27, "mixratio700": 0.9, "height250": 10270.0, "sfc_td": 34.52, "windspd700": 22.01, "height500": 5590.0, "dewpoint700": -22.5, "lapserate85": 6.89, "dcape": 468.26, "mixratio01km": 4.11, "dewpoint925": -0.4, "mixratio500": 0.62, "convtemp": 22.4, "height700": 3038.0, "stp_fix": 0.0, "winddir850": 135.0, "mlli": 2.32, "mulfc": -999.0, "temp250": -55.7, "winddir925": 125.0, "fosberg": 9.11, "scpeff": 0.0, "mixratiosfc850": 4.09, "mixratio850": 4.02, "sbcin": -9999, "wbzheight": 4990.55, "mllfc": -999.0, "windspd925": 10.99, "sbcape": 0, "sfcwindspd": 6.99, "sfc_t": 65.12, "sfcrh": 31.47}}