{"info": {"Latitude": 68.76, "Identifier": "YUX", "Elevation(m)": 6.0, "Longitude": -81.21}, "200606/1200": {"temp300": -47.9, "shear06": 11.8, "mixratio03km": 1.51, "lapserate75": 6.83, "windspd850": 6.99, "winddir700": 310.0, "temp250": -41.7, "winddir250": 265.0, "mlcape": 0, "sfc_vwnd": -7.0700000000000003, "sfc_uwnd": 7.0700000000000003, "shear01": 0.4, "srh01": 1.7, "eff_srh": 0.0, "srh03": -2.09, "windspd250": 20.01, "ship": 0.0, "windspd500": 12.0, "winddir500": 235.0, "mllcl": 1064.38, "mucape": 0, "height300": 8900.0, "meltinglvl": -999.0, "mixratio925": 1.78, "pw": 0.27, "mlcin": -9999, "temp500": -29.1, "height850": 1404.0, "mlcape03": 0.0, "dewpoint850": -17.5, "stp_eff": 0.0, "sblfc": -999.0, "lapserate36": 6.75, "windspd700": 6.99, "temp850": -5.5, "dewpoint500": -35.1, "fosberg": 3.21, "mulfc": -999.0, "mixratio850": 1.14, "muli": 3.24, "lapserate03": 2.95, "sbli": 19.13, "mucin": -9999, "shear03": 2.9, "winddir300": 260.0, "sfc_td": 22.1, "mulcl": 4373.95, "sblcl": 179.99, "mixratio700": 1.11, "height250": 10110.0, "dewpoint700": -20.1, "height500": 5410.0, "lapserate85": 5.92, "dcape": -6.79, "mixratio01km": 2.1, "dewpoint925": -11.1, "mixratio500": 0.39, "convtemp": 21.1, "height700": 2902.0, "winddir850": 315.0, "windspd300": 14.01, "sfc_t": 24.98, "stp_fix": 0.0, "winddir925": 335.0, "sfcwindspd": 10.0, "scpeff": 0.0, "mixratiosfc850": 1.86, "temp700": -12.1, "sbcin": -9999, "wbzheight": -999.0, "mllfc": -999.0, "windspd925": 8.0, "sbcape": 0, "mlli": 3.24, "sfcrh": 88.57, "temp925": -3.1}, "200606/0000": {"sfc_vwnd": -5.44, "sfc_uwnd": 2.54, "mixratio03km": 1.36, "lapserate75": 6.26, "windspd850": 12.0, "winddir700": 275.0, "lapserate36": 6.3, "winddir250": 245.0, "mlcape": 0, "windspd300": 54.0, "srh01": -20.65, "eff_srh": 0.0, "srh03": 4.54, "windspd250": 37.01, "shear06": 26.4, "temp300": -47.9, "windspd500": 25.99, "winddir500": 260.0, "lapserate03": 3.69, "height300": 9000.0, "meltinglvl": 1257.57, "mixratio925": 1.64, "pw": 0.25, "mulcl": 4236.47, "temp500": -25.3, "height850": 1443.0, "sbli": 17.64, "mlcape03": 0.0, "dewpoint850": -18.3, "stp_eff": 0.0, "shear01": 10.0, "temp925": -2.1, "shear03": 5.1, "temp850": -5.3, "dewpoint500": -44.3, "mucape": 0, "temp700": -9.7, "sblfc": -999.0, "muli": 3.18, "mllcl": 1507.44, "mlcin": -9999, "mucin": -9999, "winddir300": 235.0, "ship": 0.0, "sblcl": 283.73, "mixratio700": 1.15, "height250": 10210.0, "sfc_td": 29.12, "windspd700": 2.0, "height500": 5480.0, "dewpoint700": -19.7, "lapserate85": 4.99, "dcape": 80.9, "mixratio01km": 1.93, "dewpoint925": -12.1, "mixratio500": 0.15, "convtemp": -9999.0, "height700": 2964.0, "stp_fix": 0.0, "winddir850": 335.0, "mlli": 3.18, "mulfc": -999.0, "temp250": -46.1, "winddir925": 335.0, "fosberg": 2.65, "scpeff": 0.0, "mixratiosfc850": 1.81, "mixratio850": 1.07, "sbcin": -9999, "wbzheight": -999.0, "mllfc": -999.0, "windspd925": 14.01, "sbcape": 0, "sfcwindspd": 6.0, "sfc_t": 33.44, "sfcrh": 83.86}}