{"info": {"Latitude": 65.28, "Identifier": "YVQ", "Elevation(m)": 94.0, "Longitude": -126.75}, "200606/1200": {"temp300": -53.5, "shear06": 19.1, "mixratio03km": 3.81, "lapserate75": 7.16, "windspd850": 21.0, "winddir700": 200.0, "temp250": -50.5, "winddir250": 220.0, "mlcape": 0, "sfc_vwnd": -0.26000000000000001, "sfc_uwnd": -2.9900000000000002, "shear01": 12.9, "srh01": 71.77, "eff_srh": 0.0, "srh03": 119.28, "windspd250": 10.99, "ship": 0.0, "windspd500": 18.01, "winddir500": 210.0, "mllcl": 1039.54, "mucape": 0, "height300": 9000.0, "meltinglvl": 5345.44, "mixratio925": 4.43, "pw": 0.59, "mlcin": -9999, "temp500": -26.1, "height850": 1457.0, "mlcape03": 0.0, "dewpoint850": -1.1, "stp_eff": 0.0, "sblfc": -999.0, "lapserate36": 7.35, "windspd700": 13.0, "temp850": 2.0, "dewpoint500": -32.1, "fosberg": 2.71, "mulfc": -999.0, "mixratio850": 4.17, "muli": 1.55, "lapserate03": 5.51, "sbli": 9.13, "mucin": -9999, "shear03": 15.0, "winddir300": 235.0, "sfc_td": 34.16, "mulcl": 4731.55, "sblcl": 751.39, "mixratio700": 2.31, "height250": 10170.0, "dewpoint700": -11.3, "height500": 5520.0, "lapserate85": 7.07, "dcape": 35.09, "mixratio01km": 4.3, "dewpoint925": 0.9, "mixratio500": 0.52, "convtemp": 18.2, "height700": 2992.0, "winddir850": 175.0, "windspd300": 25.99, "sfc_t": 44.96, "stp_fix": 0.0, "winddir925": 120.0, "sfcwindspd": 2.99, "scpeff": 0.0, "mixratiosfc850": 4.33, "temp700": -8.3, "sbcin": -9999, "wbzheight": 4782.97, "mllfc": -999.0, "windspd925": 18.01, "sbcape": 0, "mlli": 1.55, "sfcrh": 65.39, "temp925": 4.4}, "200606/0000": {"sfc_vwnd": 3.86, "sfc_uwnd": -4.6, "mixratio03km": 3.51, "lapserate75": 7.31, "windspd850": 19.0, "winddir700": 185.0, "lapserate36": 7.53, "winddir250": 240.0, "mlcape": 0, "windspd300": 24.01, "srh01": -62.12, "eff_srh": 0.0, "srh03": 58.79, "windspd250": 10.0, "shear06": 32.1, "temp300": -52.5, "windspd500": 25.0, "winddir500": 245.0, "lapserate03": 7.07, "height300": 8980.0, "meltinglvl": 4021.39, "mixratio925": 4.03, "pw": 0.57, "mulcl": 3090.94, "temp500": -26.7, "height850": 1450.0, "sbli": 3.86, "mlcape03": 0.0, "dewpoint850": -2.9, "stp_eff": 0.0, "shear01": 13.7, "temp925": 4.6, "shear03": 9.3, "temp850": -1.1, "dewpoint500": -28.8, "mucape": 0, "temp700": -8.5, "sblfc": 1125.0, "muli": 1.78, "mllcl": 1159.23, "mlcin": -9999, "mucin": -9999, "winddir300": 235.0, "ship": 0.0, "sblcl": 991.67, "mixratio700": 2.52, "height250": 10160.0, "sfc_td": 38.12, "windspd700": 10.0, "height500": 5510.0, "dewpoint700": -10.2, "lapserate85": 6.43, "dcape": 101.47, "mixratio01km": 4.38, "dewpoint925": -0.4, "mixratio500": 0.71, "convtemp": 17.4, "height700": 2979.0, "stp_fix": 0.0, "winddir850": 100.0, "mlli": 1.78, "mulfc": -999.0, "temp250": -51.3, "winddir925": 105.0, "fosberg": 5.64, "scpeff": 0.0, "mixratiosfc850": 4.3, "mixratio850": 3.65, "sbcin": -242, "wbzheight": 3510.68, "mllfc": -999.0, "windspd925": 20.01, "sbcape": 7, "sfcwindspd": 6.0, "sfc_t": 52.519999999999996, "sfcrh": 57.51}}