{"info": {"Latitude": 58.73, "Identifier": "YYQ", "Elevation(m)": 29.0, "Longitude": -94.08}, "200606/1200": {"temp300": -49.7, "shear06": 14.7, "mixratio03km": 1.47, "lapserate75": 6.12, "windspd850": 8.99, "winddir700": 15.0, "temp250": -50.3, "winddir250": 245.0, "mlcape": 0, "sfc_vwnd": -7.5199999999999996, "sfc_uwnd": 2.7400000000000002, "shear01": 2.4, "srh01": 2.78, "eff_srh": 0.0, "srh03": -1.24, "windspd250": 19.0, "ship": 0.0, "windspd500": 6.0, "winddir500": 120.0, "mllcl": 1069.53, "mucape": 0, "height300": 9160.0, "meltinglvl": -999.0, "mixratio925": 1.61, "pw": 0.28, "mlcin": -9999, "temp500": -21.9, "height850": 1510.0, "mlcape03": 8.64, "dewpoint850": -20.3, "stp_eff": 0.0, "sblfc": -999.0, "lapserate36": 6.01, "windspd700": 15.0, "temp850": -0.3, "dewpoint500": -25.0, "fosberg": 1.57, "mulfc": -999.0, "mixratio850": 0.9, "muli": 6.85, "lapserate03": 1.82, "sbli": 23.12, "mucin": -9999, "shear03": 9.4, "winddir300": 210.0, "sfc_td": 28.759999999999998, "mulcl": 6696.44, "sblcl": 85.11, "mixratio700": 1.19, "height250": 10340.0, "dewpoint700": -19.3, "height500": 5600.0, "lapserate85": 5.28, "dcape": -19.93, "mixratio01km": 2.16, "dewpoint925": -12.3, "mixratio500": 1.01, "convtemp": -9999.0, "height700": 3043.0, "winddir850": 345.0, "windspd300": 4.99, "sfc_t": 30.02, "stp_fix": 0.0, "winddir925": 10.0, "sfcwindspd": 8.0, "scpeff": 0.0, "mixratiosfc850": 1.89, "temp700": -6.3, "sbcin": -9999, "wbzheight": -999.0, "mllfc": -999.0, "windspd925": 8.99, "sbcape": 0, "mlli": 6.85, "sfcrh": 94.96, "temp925": -0.3}, "200606/0000": {"sfc_vwnd": -8.66, "sfc_uwnd": 5.0, "mixratio03km": 1.63, "lapserate75": 4.35, "windspd850": 15.0, "winddir700": 35.0, "lapserate36": 4.82, "winddir250": 170.0, "mlcape": 0, "windspd300": 44.0, "srh01": 23.33, "eff_srh": 0.0, "srh03": 40.24, "windspd250": 50.0, "shear06": 19.3, "temp300": -45.5, "windspd500": 10.99, "winddir500": 135.0, "lapserate03": 2.72, "height300": 9180.0, "meltinglvl": -999.0, "mixratio925": 1.99, "pw": 0.4, "mulcl": 4285.62, "temp500": -18.9, "height850": 1498.0, "sbli": 24.85, "mlcape03": 0.0, "dewpoint850": -17.3, "stp_eff": 0.0, "shear01": 9.6, "temp925": -2.7, "shear03": 31.9, "temp850": -0.3, "dewpoint500": -22.5, "mucape": 0, "temp700": -7.9, "sblfc": 194.56, "muli": 4.93, "mllcl": 875.22, "mlcin": -9999, "mucin": -9999, "winddir300": 175.0, "ship": 0.0, "sblcl": 194.56, "mixratio700": 2.22, "height250": 10370.0, "sfc_td": 29.12, "windspd700": 35.0, "height500": 5580.0, "dewpoint700": -11.8, "lapserate85": 4.56, "dcape": -80.7, "mixratio01km": 2.33, "dewpoint925": -9.7, "mixratio500": 1.26, "convtemp": -9999.0, "height700": 3015.0, "stp_fix": 0.0, "winddir850": 30.0, "mlli": 4.93, "mulfc": -999.0, "temp250": -55.7, "winddir925": 30.0, "fosberg": 3.24, "scpeff": 0.0, "mixratiosfc850": 1.9, "mixratio850": 1.16, "sbcin": -2800, "wbzheight": -999.0, "mllfc": -999.0, "windspd925": 8.0, "sbcape": 3, "sfcwindspd": 10.0, "sfc_t": 32.0, "sfcrh": 88.9}}