{"info": {"Latitude": 53.3, "Identifier": "YYR", "Elevation(m)": 36.0, "Longitude": -60.36}, "200606/1200": {"temp300": -43.9, "shear06": 38.5, "mixratio03km": 2.86, "lapserate75": 4.85, "windspd850": 24.01, "winddir700": 300.0, "temp250": -44.1, "winddir250": 260.0, "mlcape": 0, "sfc_vwnd": 2.3900000000000001, "sfc_uwnd": 6.5800000000000001, "shear01": 8.2, "srh01": 31.12, "eff_srh": 0.0, "srh03": 69.47, "windspd250": 49.01, "ship": 0.0, "windspd500": 48.0, "winddir500": 280.0, "mllcl": 1052.74, "mucape": 0, "height300": 9000.0, "meltinglvl": 2805.7, "mixratio925": 3.53, "pw": 0.46, "mlcin": -9999, "temp500": -21.5, "height850": 1353.0, "mlcape03": 0.0, "dewpoint850": -6.1, "stp_eff": 0.0, "sblfc": 864.15, "lapserate36": 5.34, "windspd700": 29.0, "temp850": -3.3, "dewpoint500": -30.5, "fosberg": 6.15, "mulfc": -999.0, "mixratio850": 2.86, "muli": 4.65, "lapserate03": 6.29, "sbli": 12.14, "mucin": -9999, "shear03": 25.7, "winddir300": 265.0, "sfc_td": 34.88, "mulcl": 5261.67, "sblcl": 864.15, "mixratio700": 1.67, "height250": 10220.0, "dewpoint700": -15.3, "height500": 5430.0, "lapserate85": 4.56, "dcape": 90.94, "mixratio01km": 3.71, "dewpoint925": -2.2, "mixratio500": 0.61, "convtemp": 24.6, "height700": 2879.0, "winddir850": 295.0, "windspd300": 52.99, "sfc_t": 47.480000000000004, "stp_fix": 0.0, "winddir925": 275.0, "sfcwindspd": 6.99, "scpeff": 0.0, "mixratiosfc850": 3.55, "temp700": -9.3, "sbcin": -686, "wbzheight": 2173.76, "mllfc": -999.0, "windspd925": 14.01, "sbcape": 10, "mlli": 4.65, "sfcrh": 61.12, "temp925": 1.6}, "200606/0000": {"sfc_vwnd": -2.07, "sfc_uwnd": 7.73, "mixratio03km": 2.55, "lapserate75": 5.21, "windspd850": 14.01, "winddir700": 250.0, "lapserate36": 5.69, "winddir250": 250.0, "mlcape": 0, "windspd300": 58.0, "srh01": 9.92, "eff_srh": 0.0, "srh03": 66.12, "windspd250": 50.0, "shear06": 41.2, "temp300": -40.5, "windspd500": 47.01, "winddir500": 245.0, "lapserate03": 8.14, "height300": 8960.0, "meltinglvl": 4518.91, "mixratio925": 3.08, "pw": 0.43, "mulcl": 4944.94, "temp500": -23.3, "height850": 1345.0, "sbli": 7.23, "mlcape03": 2.23, "dewpoint850": -6.4, "stp_eff": 0.0, "shear01": 6.6, "temp925": 7.0, "shear03": 24.8, "temp850": 0.6, "dewpoint500": -33.3, "mucape": 0, "temp700": -10.3, "sblfc": 1793.0, "muli": 4.31, "mllcl": 1920.63, "mlcin": -9999, "mucin": -9999, "winddir300": 240.0, "ship": 0.0, "sblcl": 1608.12, "mixratio700": 1.9, "height250": 10200.0, "sfc_td": 32.36, "windspd700": 29.99, "height500": 5400.0, "dewpoint700": -13.7, "lapserate85": 5.99, "dcape": 208.34, "mixratio01km": 3.17, "dewpoint925": -4.0, "mixratio500": 0.46, "convtemp": 24.2, "height700": 2860.0, "stp_fix": 0.0, "winddir850": 270.0, "mlli": 4.31, "mulfc": -999.0, "temp250": -38.3, "winddir925": 280.0, "fosberg": 9.19, "scpeff": 0.0, "mixratiosfc850": 3.11, "mixratio850": 2.8, "sbcin": -350, "wbzheight": 3271.61, "mllfc": -999.0, "windspd925": 15.0, "sbcape": 2, "sfcwindspd": 8.0, "sfc_t": 55.76, "sfcrh": 40.49}}