{"info": {"Latitude": 64.2, "Identifier": "YZS", "Elevation(m)": 57.0, "Longitude": -83.36}, "170831/0000": {"sfc_vwnd": -15.04, "sfc_uwnd": 5.47, "mixratio03km": 1.4, "lapserate75": 7.44, "windspd850": 16.01, "winddir700": 340.0, "lapserate36": 7.62, "winddir250": 340.0, "mlcape": 0, "windspd300": 61.0, "srh01": 5.52, "eff_srh": 0.0, "srh03": 80.87, "windspd250": 44.0, "shear06": 33.9, "temp300": -51.9, "windspd500": 47.01, "winddir500": 345.0, "lapserate03": 4.05, "height300": 8970.0, "meltinglvl": 1462.67, "mixratio925": 2.88, "pw": 0.27, "mulcl": 5496.52, "temp500": -25.3, "height850": 1408.0, "sbli": 14.32, "mlcape03": 0.0, "dewpoint850": -16.9, "stp_eff": 0.0, "shear01": 2.7, "temp925": -2.3, "shear03": 22.0, "temp850": -0.9, "dewpoint500": -38.3, "mucape": 0, "temp700": -6.5, "sblfc": 910.99, "muli": 3.81, "mllcl": 958.8, "mlcin": -9999, "mucin": -9999, "winddir300": 350.0, "ship": 0.0, "sblcl": 867.2, "mixratio700": 0.82, "height250": 10150.0, "sfc_td": 27.32, "windspd700": 38.0, "height500": 5480.0, "dewpoint700": -23.5, "lapserate85": 6.03, "dcape": -18.13, "mixratio01km": 2.93, "dewpoint925": -4.9, "mixratio500": 0.28, "convtemp": 24.4, "height700": 2942.0, "stp_fix": 0.0, "winddir850": 360.0, "mlli": 3.81, "mulfc": -999.0, "temp250": -48.3, "winddir925": 330.0, "fosberg": 13.77, "scpeff": 0.0, "mixratiosfc850": 2.36, "mixratio850": 1.2, "sbcin": -1711, "wbzheight": 751.24, "mllfc": -999.0, "windspd925": 20.01, "sbcape": 1, "sfcwindspd": 16.01, "sfc_t": 39.92, "sfcrh": 60.15}, "170831/1200": {"temp300": -46.1, "shear06": 71.2, "mixratio03km": 3.51, "lapserate75": 4.75, "windspd850": 27.0, "winddir700": 310.0, "temp250": -55.1, "winddir250": 340.0, "mlcape": 0, "sfc_vwnd": 9.6600000000000001, "sfc_uwnd": -2.5899999999999999, "shear01": 37.6, "srh01": 300.25, "eff_srh": 0.0, "srh03": 317.72, "windspd250": 85.01, "ship": 0.0, "windspd500": 54.0, "winddir500": 330.0, "mllcl": 963.45, "mucape": 8, "height300": 9110.0, "meltinglvl": 5543.11, "mixratio925": 3.97, "pw": 0.59, "mlcin": -9999, "temp500": -19.5, "height850": 1436.0, "mlcape03": 0.0, "dewpoint850": 0.5, "stp_eff": 0.0, "sblfc": -999.0, "lapserate36": 5.02, "windspd700": 31.0, "temp850": 2.4, "dewpoint500": -22.2, "fosberg": 2.7, "mulfc": 1921.22, "mixratio850": 4.69, "muli": 8.02, "lapserate03": 3.36, "sbli": 20.99, "mucin": -182, "shear03": 38.7, "winddir300": 345.0, "sfc_td": 32.72, "mulcl": 1614.28, "sblcl": 150.44, "mixratio700": 1.78, "height250": 10300.0, "dewpoint700": -14.5, "height500": 5520.0, "lapserate85": 5.5, "dcape": -77.05, "mixratio01km": 3.65, "dewpoint925": -0.6, "mixratio500": 1.29, "convtemp": -9999.0, "height700": 2974.0, "winddir850": 290.0, "windspd300": 75.99, "sfc_t": 34.88, "stp_fix": 0.0, "winddir925": 275.0, "sfcwindspd": 10.0, "scpeff": 0.0, "mixratiosfc850": 3.84, "temp700": -7.5, "sbcin": -9999, "wbzheight": 5243.52, "mllfc": -999.0, "windspd925": 27.0, "sbcape": 0, "mlli": 8.02, "sfcrh": 91.66, "temp925": 5.4}}