{"info": {"Latitude": 50.21, "Identifier": "YZV", "Elevation(m)": 53.0, "Longitude": -66.25}, "200606/1200": {"temp300": -42.3, "shear06": 55.8, "mixratio03km": 2.46, "lapserate75": 5.28, "windspd850": 10.99, "winddir700": 280.0, "temp250": -48.5, "winddir250": 255.0, "mlcape": 0, "sfc_vwnd": -5.6399999999999997, "sfc_uwnd": -2.0499999999999998, "shear01": 7.6, "srh01": 50.12, "eff_srh": 0.0, "srh03": 142.88, "windspd250": 85.01, "ship": 0.0, "windspd500": 52.99, "winddir500": 275.0, "mllcl": 1629.81, "mucape": 0, "height300": 9170.0, "meltinglvl": 4660.75, "mixratio925": 3.04, "pw": 0.44, "mlcin": -9999, "temp500": -18.1, "height850": 1436.0, "mlcape03": 62.29, "dewpoint850": -7.8, "stp_eff": 0.0, "sblfc": -999.0, "lapserate36": 5.68, "windspd700": 31.0, "temp850": 0.2, "dewpoint500": -26.1, "fosberg": 5.85, "mulfc": -999.0, "mixratio850": 2.51, "muli": 4.84, "lapserate03": 5.47, "sbli": 13.64, "mucin": -9999, "shear03": 33.3, "winddir300": 255.0, "sfc_td": 35.6, "mulcl": 4420.57, "sblcl": 1131.37, "mixratio700": 2.06, "height250": 10380.0, "dewpoint700": -12.7, "height500": 5550.0, "lapserate85": 4.51, "dcape": 176.91, "mixratio01km": 3.34, "dewpoint925": -4.2, "mixratio500": 0.91, "convtemp": 33.0, "height700": 2974.0, "winddir850": 270.0, "windspd300": 100.99, "sfc_t": 51.8, "stp_fix": 0.0, "winddir925": 340.0, "sfcwindspd": 6.0, "scpeff": 0.0, "mixratiosfc850": 3.26, "temp700": -4.7, "sbcin": -9999, "wbzheight": 2962.22, "mllfc": -999.0, "windspd925": 2.0, "sbcape": 0, "mlli": 4.84, "sfcrh": 53.45, "temp925": 4.8}, "200606/0000": {"sfc_vwnd": -9.06, "sfc_uwnd": 4.23, "mixratio03km": 2.8, "lapserate75": 5.59, "windspd850": 13.0, "winddir700": 275.0, "lapserate36": 5.81, "winddir250": 275.0, "mlcape": 0, "windspd300": 81.99, "srh01": -4.0, "eff_srh": 0.0, "srh03": 139.89, "windspd250": 75.99, "shear06": 64.1, "temp300": -44.7, "windspd500": 62.01, "winddir500": 275.0, "lapserate03": 6.58, "height300": 9140.0, "meltinglvl": 5278.2, "mixratio925": 3.69, "pw": 0.53, "mulcl": 4964.89, "temp500": -18.5, "height850": 1398.0, "sbli": 9.79, "mlcape03": 0.0, "dewpoint850": -2.8, "stp_eff": 0.0, "shear01": 7.1, "temp925": 8.4, "shear03": 43.1, "temp850": 2.2, "dewpoint500": -27.5, "mucape": 0, "temp700": -4.3, "sblfc": -999.0, "muli": 3.64, "mllcl": 1799.85, "mlcin": -9999, "mucin": -9999, "winddir300": 270.0, "ship": 0.0, "sblcl": 1497.83, "mixratio700": 1.81, "height250": 10350.0, "sfc_td": 36.68, "windspd700": 47.01, "height500": 5520.0, "dewpoint700": -14.3, "lapserate85": 5.14, "dcape": 232.54, "mixratio01km": 3.92, "dewpoint925": -1.6, "mixratio500": 0.8, "convtemp": 30.6, "height700": 2950.0, "stp_fix": 0.0, "winddir850": 300.0, "mlli": 3.64, "mulfc": -999.0, "temp250": -48.5, "winddir925": 340.0, "fosberg": 10.95, "scpeff": 0.0, "mixratiosfc850": 3.88, "mixratio850": 3.67, "sbcin": -9999, "wbzheight": 4446.17, "mllfc": -999.0, "windspd925": 19.0, "sbcape": 0, "sfcwindspd": 10.0, "sfc_t": 58.28, "sfcrh": 43.91}}